protein_id,node_id
000412,0
001008,1
002125,2
002165,3
002596,4
002829,5
003084,6
003100,7
003302,8
004982,9
005178,10
005257,11
005260,12
005284,13
005286,14
005386,15
005587,16
005995,17
006015,18
006053,19
006526,20
006658,21
006724,22
007390,23
007414,24
007699,25
007735,26
008527,27
008938,28
009041,29
009530,30
010299,31
011292,32
011473,33
011619,34
011653,35
011898,36
012049,37
012443,38
013070,39
013125,40
013807,41
014930,42
016171,43
016913,44
016946,45
019103,46
020945,47
023064,48
023939,49
025008,50
026218,51
027335,52
035307,53
037243,54
037502,55
039007,56
040663,57
040738,58
044462,59
045083,60
046087,61
046794,62
053468,63
054650,64
054950,65
055077,66
055335,67
056217,68
056233,69
064724,70
070846,71
072869,72
074304,73
075503,74
078429,75
078445,76
081029,77
083182,78
085068,79
085219,80
086933,81
155926,82
156109,83
156626,84
157812,85
158771,86
160262,87
160373,88
160827,89
161863,90
163416,91
164024,92
164133,93
164139,94
164305,95
165524,96
166139,97
166345,98
167106,99
167586,100
167588,101
168216,102
169551,103
170150,104
170447,105
170564,106
171757,107
171887,108
173229,109
175091,110
176763,111
177694,112
178638,113
178640,114
179259,115
181383,116
181796,117
181839,118
182290,119
182527,120
184183,121
186436,122
187762,123
188312,124
188790,125
192314,126
192788,127
193322,128
193391,129
194130,130
194214,131
194530,132
196061,133
196371,134
198536,135
198767,136
198801,137
199280,138
199320,139
199389,140
199447,141
199764,142
199936,143
200135,144
200181,145
200453,146
200457,147
200557,148
200652,149
200691,150
201031,151
201586,152
201647,153
201979,154
202017,155
202556,156
202677,157
202816,158
202967,159
203001,160
203407,161
203556,162
203629,163
203630,164
203664,165
204549,166
204566,167
204679,168
204726,169
204961,170
205214,171
205402,172
205636,173
205948,174
206262,175
206423,176
206474,177
206513,178
206595,179
206765,180
207457,181
207549,182
209668,183
209728,184
209873,185
209875,186
209884,187
209929,188
210060,189
210444,190
210633,191
211122,192
211287,193
211936,194
211998,195
212015,196
212355,197
214869,198
215057,199
215071,200
215095,201
215375,202
215531,203
215565,204
215567,205
215570,206
215574,207
215582,208
215631,209
215637,210
215659,211
215727,212
215730,213
215743,214
215794,215
215832,216
215855,217
215885,218
215886,219
215941,220
215957,221
215980,222
216024,223
216027,224
216034,225
216036,226
216038,227
216039,228
216044,229
216075,230
216101,231
216106,232
216121,233
216124,234
216127,235
216129,236
216133,237
216139,238
216160,239
216181,240
216185,241
216190,242
216200,243
216211,244
216218,245
216223,246
216252,247
216259,248
216286,249
216297,250
216330,251
216336,252
216338,253
216341,254
216366,255
216367,256
216410,257
216442,258
216446,259
216452,260
216468,261
216479,262
216492,263
216540,264
216602,265
216629,266
216639,267
216714,268
216733,269
216780,270
216797,271
216862,272
217026,273
217043,274
217086,275
217109,276
217121,277
217131,278
217133,279
217159,280
217173,281
217182,282
217195,283
217244,284
217246,285
217289,286
217320,287
217381,288
217386,289
217402,290
217407,291
217420,292
217423,293
217426,294
217446,295
217455,296
217456,297
217515,298
217740,299
217909,300
217958,301
217961,302
218004,303
218068,304
218075,305
218104,306
218176,307
218230,308
218316,309
218388,310
218516,311
218758,312
218867,313
219066,314
219069,315
219139,316
219150,317
219169,318
219204,319
219207,320
219240,321
219244,322
219255,323
219271,324
219301,325
219313,326
219315,327
219334,328
219345,329
219368,330
219400,331
219406,332
219476,333
219478,334
219548,335
219599,336
219660,337
219746,338
219782,339
219789,340
219833,341
219837,342
219905,343
219919,344
220166,345
220325,346
220429,347
220478,348
220496,349
220507,350
220509,351
220514,352
220562,353
220592,354
220597,355
220616,356
220669,357
220751,358
220764,359
220772,360
220809,361
220812,362
220822,363
220853,364
220966,365
221114,366
221130,367
221132,368
221138,369
221166,370
221233,371
221307,372
221403,373
221418,374
221419,375
221452,376
221476,377
221480,378
221485,379
221494,380
221498,381
221538,382
221543,383
221566,384
221573,385
221700,386
221804,387
221847,388
221855,389
221891,390
221930,391
221957,392
221972,393
221980,394
221992,395
222002,396
222005,397
222032,398
222115,399
222120,400
222219,401
222247,402
222248,403
222250,404
222254,405
222256,406
222286,407
222329,408
222339,409
222345,410
222374,411
222382,412
222390,413
222399,414
222481,415
222511,416
222543,417
222553,418
222567,419
222574,420
222584,421
222644,422
222674,423
222693,424
222728,425
222747,426
222800,427
222803,428
222812,429
222968,430
222990,431
223029,432
223073,433
223095,434
223136,435
223208,436
223273,437
223321,438
223357,439
223364,440
223366,441
223369,442
223398,443
223500,444
223528,445
223641,446
223642,447
223836,448
223864,449
224073,450
224337,451
224652,452
224784,453
225235,454
225275,455
225298,456
225328,457
225371,458
225387,459
225519,460
225525,461
225576,462
225577,463
225609,464
225655,465
225665,466
225698,467
225724,468
225726,469
225728,470
225737,471
225792,472
225831,473
225929,474
225941,475
225964,476
225969,477
225972,478
225983,479
226105,480
226193,481
226207,482
226218,483
226225,484
226230,485
226279,486
226299,487
226355,488
226413,489
226444,490
226524,491
226574,492
226760,493
226796,494
226798,495
226951,496
227155,497
227163,498
227266,499
227322,500
227451,501
227471,502
227524,503
227525,504
227638,505
227667,506
227756,507
227880,508
227918,509
228136,510
228251,511
228347,512
228434,513
228437,514
228476,515
228495,516
228515,517
228534,518
228682,519
228705,520
228740,521
228799,522
228841,523
228850,524
228865,525
228872,526
228887,527
228918,528
228922,529
228928,530
228945,531
229195,532
229214,533
229238,534
229243,535
229264,536
229266,537
229270,538
229281,539
229307,540
229340,541
229379,542
229390,543
229633,544
229708,545
229729,546
229758,547
229769,548
229795,549
229812,550
229829,551
229922,552
230048,553
230056,554
230124,555
230301,556
230321,557
230340,558
230354,559
230381,560
230461,561
230588,562
230658,563
231009,564
231021,565
231061,566
231121,567
231134,568
231198,569
231228,570
231368,571
231420,572
231449,573
231461,574
231487,575
231509,576
231524,577
231572,578
231656,579
231751,580
231790,581
231887,582
231948,583
232003,584
232461,585
232501,586
232564,587
232603,588
232744,589
232766,590
232888,591
232974,592
232975,593
233027,594
233055,595
233078,596
233099,597
233121,598
233146,599
233156,600
233242,601
233379,602
233468,603
233535,604
233575,605
233596,606
233623,607
233630,608
233668,609
233710,610
233735,611
233893,612
233948,613
233969,614
233997,615
234038,616
234071,617
234111,618
234160,619
234195,620
234256,621
234310,622
234313,623
234396,624
234420,625
234454,626
234488,627
234701,628
234739,629
234831,630
234961,631
235090,632
235372,633
235628,634
235835,635
236040,636
236137,637
236192,638
236671,639
236709,640
236826,641
236850,642
236877,643
236925,644
236959,645
236979,646
237014,647
237172,648
237201,649
237264,650
237281,651
237283,652
237380,653
237455,654
237530,655
237536,656
237596,657
237642,658
237654,659
237822,660
238018,661
238112,662
238156,663
238379,664
238497,665
238508,666
238561,667
238651,668
238714,669
238831,670
238855,671
238892,672
238994,673
239032,674
239165,675
239374,676
239462,677
239690,678
239830,679
239882,680
239891,681
239906,682
239926,683
239940,684
240055,685
240079,686
240093,687
240316,688
240328,689
240361,690
240364,691
240423,692
240652,693
240851,694
240874,695
240922,696
241041,697
241052,698
241125,699
241305,700
241337,701
242057,702
242067,703
242140,704
242257,705
242285,706
242375,707
242576,708
242591,709
242592,710
242719,711
242784,712
242786,713
242839,714
242994,715
243052,716
243056,717
243077,718
243167,719
243298,720
243347,721
243349,722
243389,723
243457,724
243501,725
243563,726
243578,727
243611,728
243644,729
243706,730
243776,731
243786,732
243878,733
243903,734
243911,735
243918,736
243924,737
244007,738
244020,739
244040,740
244043,741
244050,742
244061,743
244137,744
244174,745
244227,746
244241,747
244289,748
244336,749
244496,750
244513,751
244520,752
244534,753
244565,754
244571,755
244573,756
244669,757
244709,758
244745,759
244763,760
244769,761
244926,762
244930,763
245046,764
245121,765
245157,766
245206,767
245255,768
245304,769
245451,770
245479,771
245539,772
245543,773
245552,774
245615,775
245787,776
245816,777
245838,778
245923,779
245932,780
245960,781
246006,782
246024,783
246062,784
246069,785
246070,786
246080,787
246105,788
246186,789
246337,790
246515,791
246529,792
246532,793
246535,794
246548,795
246635,796
246657,797
246662,798
246672,799
246747,800
246792,801
246794,802
246801,803
246802,804
246841,805
246868,806
246895,807
246912,808
247026,809
247178,810
247194,811
247225,812
247226,813
247270,814
247271,815
247306,816
247470,817
247665,818
247668,819
247706,820
247933,821
247970,822
247977,823
247986,824
248071,825
248098,826
248114,827
248121,828
248150,829
248248,830
248342,831
248437,832
248444,833
248553,834
248564,835
248572,836
248594,837
248598,838
248600,839
248633,840
248643,841
248846,842
248901,843
248929,844
249014,845
249066,846
249071,847
249075,848
249330,849
249344,850
249356,851
249389,852
249396,853
249442,854
249700,855
249749,856
249750,857
249776,858
249806,859
249923,860
250024,861
250092,862
250101,863
250113,864
250160,865
250237,866
250263,867
250340,868
250378,869
250405,870
250416,871
250448,872
250454,873
250495,874
250498,875
250535,876
250617,877
250823,878
250831,879
250916,880
250974,881
251020,882
251119,883
251143,884
251166,885
251203,886
251250,887
251303,888
251363,889
251412,890
251413,891
251472,892
251496,893
251507,894
251535,895
251566,896
251582,897
251595,898
251636,899
251642,900
251645,901
251646,902
251768,903
251775,904
251810,905
251864,906
251900,907
251921,908
251968,909
251993,910
252011,911
252032,912
252037,913
252050,914
252100,915
252242,916
252244,917
252245,918
252250,919
252252,920
252268,921
252321,922
252456,923
252483,924
252486,925
252506,926
252512,927
252530,928
252542,929
252575,930
252590,931
252602,932
252622,933
252674,934
252711,935
252723,936
252804,937
252809,938
252818,939
252825,940
252826,941
252939,942
252951,943
252992,944
252996,945
252999,946
253023,947
253024,948
253031,949
253039,950
253048,951
253079,952
253083,953
253107,954
253115,955
253237,956
253247,957
253270,958
253329,959
253363,960
253381,961
253408,962
253413,963
253457,964
253577,965
253669,966
253693,967
253719,968
253778,969
253794,970
253801,971
253814,972
253861,973
253925,974
254029,975
254037,976
254090,977
254101,978
254108,979
254193,980
254301,981
254322,982
254325,983
254336,984
254436,985
254480,986
254488,987
254508,988
254521,989
254528,990
254605,991
254616,992
254624,993
254657,994
254667,995
254695,996
254730,997
254759,998
254770,999
254799,1000
254803,1001
254810,1002
254816,1003
254846,1004
254868,1005
254878,1006
254898,1007
254928,1008
254940,1009
254942,1010
254958,1011
254976,1012
255006,1013
255039,1014
255040,1015
255082,1016
255120,1017
255189,1018
255192,1019
255194,1020
255198,1021
255262,1022
255304,1023
255324,1024
255380,1025
255381,1026
255389,1027
255390,1028
255465,1029
255499,1030
255631,1031
255641,1032
255882,1033
256001,1034
256010,1035
256078,1036
256079,1037
256104,1038
256178,1039
256190,1040
256194,1041
256196,1042
256257,1043
256319,1044
256383,1045
256404,1046
256433,1047
256447,1048
256458,1049
256460,1050
256495,1051
256497,1052
256509,1053
256538,1054
256544,1055
256545,1056
256592,1057
256593,1058
256637,1059
256644,1060
256646,1061
256689,1062
256737,1063
256785,1064
256854,1065
256858,1066
256958,1067
256996,1068
256999,1069
257068,1070
257118,1071
257177,1072
257189,1073
257198,1074
257215,1075
257245,1076
257248,1077
257290,1078
257336,1079
257347,1080
257359,1081
257408,1082
257414,1083
257430,1084
257549,1085
257552,1086
257600,1087
257604,1088
257663,1089
257696,1090
257700,1091
257749,1092
257770,1093
257789,1094
257818,1095
257829,1096
257836,1097
257861,1098
257868,1099
257901,1100
257904,1101
257905,1102
257909,1103
257910,1104
258052,1105
258080,1106
258083,1107
258091,1108
258098,1109
258105,1110
258106,1111
258145,1112
258149,1113
258173,1114
258198,1115
258200,1116
258201,1117
258301,1118
258399,1119
258400,1120
258415,1121
258418,1122
258424,1123
258428,1124
258436,1125
258455,1126
258457,1127
258484,1128
258494,1129
258538,1130
258654,1131
258662,1132
258729,1133
258739,1134
258770,1135
258774,1136
258787,1137
258873,1138
258884,1139
258886,1140
258930,1141
258955,1142
258962,1143
258969,1144
258975,1145
258991,1146
259037,1147
259056,1148
259075,1149
259089,1150
259154,1151
259199,1152
259206,1153
259216,1154
259229,1155
259254,1156
259335,1157
259339,1158
259351,1159
259365,1160
259392,1161
259396,1162
259400,1163
259407,1164
259455,1165
259456,1166
259457,1167
259467,1168
259470,1169
259486,1170
259512,1171
259526,1172
259569,1173
259631,1174
259632,1175
259633,1176
259667,1177
259708,1178
259711,1179
259727,1180
259750,1181
259782,1182
259808,1183
259818,1184
259845,1185
259873,1186
259915,1187
259938,1188
259939,1189
260045,1190
260102,1191
260113,1192
260118,1193
260128,1194
260129,1195
260187,1196
260197,1197
260210,1198
260227,1199
260247,1200
260270,1201
260276,1202
260302,1203
260356,1204
260363,1205
260372,1206
260383,1207
260385,1208
260386,1209
260508,1210
260526,1211
260563,1212
260585,1213
260643,1214
260649,1215
260665,1216
260682,1217
260702,1218
260731,1219
260746,1220
260810,1221
260818,1222
260947,1223
260950,1224
260953,1225
260970,1226
260983,1227
260988,1228
261007,1229
261015,1230
261023,1231
261024,1232
261037,1233
261070,1234
261167,1235
261172,1236
261183,1237
261191,1238
261196,1239
261205,1240
261208,1241
261211,1242
261233,1243
261245,1244
261250,1245
261254,1246
261263,1247
261267,1248
261292,1249
261296,1250
261303,1251
261304,1252
261308,1253
261313,1254
261318,1255
261349,1256
261374,1257
261377,1258
261381,1259
261396,1260
261416,1261
261427,1262
261435,1263
261438,1264
261441,1265
261448,1266
261464,1267
261475,1268
261479,1269
261483,1270
261497,1271
261499,1272
261503,1273
261507,1274
261523,1275
261534,1276
261537,1277
261558,1278
261574,1279
261588,1280
261590,1281
261596,1282
261609,1283
261622,1284
261623,1285
261636,1286
261643,1287
261647,1288
261652,1289
261667,1290
261681,1291
261693,1292
261700,1293
261707,1294
261714,1295
261716,1296
261721,1297
261733,1298
261735,1299
261739,1300
261745,1301
261758,1302
261769,1303
261772,1304
261776,1305
261778,1306
261783,1307
261789,1308
261797,1309
261798,1310
261799,1311
261800,1312
261819,1313
261839,1314
261845,1315
261858,1316
261861,1317
261866,1318
261875,1319
261880,1320
261881,1321
261884,1322
261889,1323
261890,1324
261892,1325
261893,1326
261917,1327
261921,1328
261942,1329
261978,1330
261980,1331
262013,1332
262018,1333
262027,1334
262030,1335
262031,1336
262039,1337
262041,1338
262043,1339
262053,1340
262067,1341
262094,1342
262103,1343
262105,1344
262113,1345
262120,1346
262127,1347
262133,1348
262134,1349
262138,1350
262139,1351
262158,1352
262160,1353
262177,1354
262178,1355
262187,1356
262188,1357
262193,1358
262198,1359
262207,1360
262213,1361
262215,1362
262219,1363
262238,1364
262241,1365
262265,1366
262290,1367
262291,1368
262294,1369
262304,1370
262305,1371
262306,1372
262319,1373
262320,1374
262367,1375
262370,1376
262374,1377
262375,1378
262376,1379
262384,1380
262395,1381
262406,1382
262407,1383
262415,1384
262418,1385
262428,1386
262430,1387
262441,1388
262442,1389
262460,1390
262461,1391
262462,1392
262482,1393
262483,1394
262494,1395
262498,1396
262507,1397
262518,1398
262519,1399
262545,1400
262554,1401
262613,1402
262623,1403
262626,1404
262629,1405
262633,1406
262640,1407
262644,1408
262646,1409
262653,1410
262662,1411
262710,1412
262719,1413
262741,1414
262746,1415
262752,1416
262764,1417
262765,1418
262768,1419
262776,1420
262794,1421
262809,1422
262811,1423
262844,1424
262848,1425
262850,1426
262865,1427
262879,1428
262887,1429
262916,1430
262919,1431
262932,1432
262958,1433
262960,1434
262962,1435
262965,1436
262971,1437
262982,1438
262990,1439
262995,1440
263025,1441
263026,1442
263035,1443
263038,1444
263054,1445
263063,1446
263071,1447
263080,1448
263087,1449
263088,1450
263093,1451
263094,1452
263100,1453
263150,1454
263160,1455
263168,1456
263181,1457
263182,1458
263196,1459
263202,1460
263205,1461
263207,1462
263208,1463
263209,1464
263212,1465
263233,1466
263246,1467
263253,1468
263256,1469
263257,1470
263265,1471
263269,1472
263274,1473
263277,1474
263278,1475
263321,1476
263334,1477
263346,1478
263354,1479
263368,1480
263372,1481
263377,1482
263383,1483
263384,1484
263388,1485
263390,1486
263408,1487
263413,1488
263431,1489
263433,1490
263440,1491
263461,1492
263519,1493
263549,1494
263559,1495
263576,1496
263579,1497
263593,1498
263620,1499
263635,1500
263636,1501
263645,1502
263671,1503
263674,1504
263686,1505
263694,1506
263697,1507
263702,1508
263710,1509
263713,1510
263733,1511
263735,1512
263736,1513
263753,1514
263754,1515
263773,1516
263774,1517
263776,1518
263780,1519
263791,1520
263798,1521
263805,1522
263847,1523
263851,1524
263856,1525
263857,1526
263867,1527
263881,1528
263897,1529
263904,1530
263915,1531
263918,1532
263921,1533
263923,1534
263925,1535
263932,1536
263934,1537
263946,1538
263955,1539
263960,1540
263966,1541
263967,1542
263974,1543
263980,1544
263985,1545
263991,1546
263997,1547
264012,1548
264020,1549
264025,1550
264027,1551
264029,1552
264031,1553
264033,1554
264036,1555
264042,1556
264051,1557
264057,1558
264059,1559
264071,1560
264072,1561
264079,1562
264093,1563
264094,1564
264108,1565
264110,1566
264151,1567
264161,1568
264167,1569
264170,1570
264183,1571
264187,1572
264192,1573
264228,1574
264230,1575
264231,1576
264234,1577
264246,1578
264249,1579
264254,1580
264255,1581
264260,1582
264263,1583
264265,1584
264279,1585
264313,1586
264331,1587
264344,1588
264346,1589
264350,1590
264360,1591
264376,1592
264377,1593
264381,1594
264382,1595
264399,1596
264400,1597
264409,1598
264414,1599
264428,1600
264433,1601
264434,1602
264436,1603
264463,1604
264474,1605
264498,1606
264499,1607
264501,1608
264515,1609
264538,1610
264552,1611
264553,1612
264554,1613
264595,1614
264601,1615
264605,1616
264613,1617
264637,1618
264638,1619
264645,1620
264651,1621
264658,1622
264669,1623
264674,1624
264689,1625
264703,1626
264705,1627
264709,1628
264710,1629
264711,1630
264716,1631
264717,1632
264718,1633
264731,1634
264734,1635
264758,1636
264771,1637
264775,1638
264819,1639
264828,1640
264832,1641
264834,1642
264864,1643
264870,1644
264904,1645
264908,1646
264914,1647
264917,1648
264926,1649
264930,1650
264932,1651
264935,1652
264938,1653
264951,1654
264952,1655
264954,1656
264956,1657
264968,1658
264972,1659
264990,1660
264995,1661
265000,1662
265007,1663
265016,1664
265018,1665
265022,1666
265026,1667
265029,1668
265036,1669
265052,1670
265056,1671
265062,1672
265070,1673
265071,1674
265073,1675
265074,1676
265080,1677
265087,1678
265094,1679
265097,1680
265104,1681
265113,1682
265131,1683
265132,1684
265140,1685
265148,1686
265162,1687
265164,1688
265165,1689
265174,1690
265191,1691
265195,1692
265245,1693
265276,1694
265295,1695
265310,1696
265316,1697
265322,1698
265340,1699
265343,1700
265351,1701
265354,1702
265362,1703
265371,1704
265372,1705
265382,1706
265388,1707
265395,1708
265404,1709
265421,1710
265431,1711
265433,1712
265440,1713
265462,1714
265465,1715
265560,1716
265562,1717
265563,1718
265564,1719
265593,1720
265594,1721
265598,1722
265605,1723
265627,1724
265634,1725
265641,1726
265643,1727
265689,1728
265708,1729
265709,1730
265713,1731
265720,1732
265723,1733
265729,1734
265732,1735
265748,1736
265753,1737
265806,1738
265807,1739
265857,1740
265872,1741
265896,1742
265963,1743
265965,1744
265967,1745
265969,1746
265970,1747
265978,1748
265983,1749
265986,1750
266000,1751
266014,1752
266022,1753
266041,1754
266069,1755
266070,1756
266079,1757
266087,1758
266088,1759
266126,1760
266254,1761
266269,1762
266383,1763
266395,1764
266483,1765
266503,1766
266542,1767
266544,1768
266551,1769
266556,1770
266557,1771
266560,1772
266646,1773
266671,1774
266673,1775
266674,1776
266679,1777
266712,1778
266718,1779
266732,1780
266736,1781
266744,1782
266970,1783
266987,1784
267085,1785
267101,1786
267103,1787
267116,1788
267119,1789
267163,1790
267205,1791
267377,1792
267406,1793
267436,1794
267484,1795
267569,1796
267584,1797
267594,1798
267615,1799
267622,1800
267750,1801
267803,1802
267807,1803
267814,1804
267838,1805
267842,1806
267843,1807
267845,1808
267859,1809
267890,1810
267935,1811
268053,1812
268057,1813
268058,1814
268099,1815
268122,1816
268125,1817
268129,1818
268150,1819
268154,1820
268164,1821
268182,1822
268261,1823
268379,1824
268383,1825
268389,1826
268459,1827
268482,1828
268603,1829
268613,1830
268638,1831
268655,1832
268661,1833
268676,1834
268679,1835
268695,1836
268699,1837
268712,1838
268717,1839
268719,1840
268797,1841
268802,1842
268835,1843
268919,1844
268933,1845
268989,1846
269025,1847
269053,1848
269081,1849
269141,1850
269143,1851
269159,1852
269195,1853
269202,1854
269209,1855
269214,1856
269221,1857
269228,1858
269298,1859
269305,1860
269383,1861
269385,1862
269389,1863
269392,1864
269394,1865
269397,1866
269445,1867
269466,1868
269489,1869
269571,1870
269576,1871
269582,1872
269593,1873
269701,1874
269703,1875
269848,1876
269881,1877
269886,1878
269919,1879
269980,1880
270077,1881
270139,1882
270142,1883
270162,1884
270172,1885
270223,1886
270225,1887
270233,1888
270310,1889
270349,1890
270357,1891
270458,1892
270502,1893
270517,1894
270570,1895
270586,1896
270642,1897
270776,1898
270792,1899
270861,1900
270879,1901
271064,1902
271227,1903
271234,1904
271308,1905
271373,1906
271375,1907
271417,1908
271450,1909
271469,1910
271526,1911
271532,1912
271555,1913
271620,1914
271628,1915
271636,1916
271638,1917
271640,1918
271688,1919
271715,1920
271764,1921
271835,1922
271857,1923
271889,1924
271971,1925
272067,1926
272091,1927
272134,1928
272190,1929
272203,1930
272217,1931
272238,1932
272252,1933
272286,1934
272317,1935
272321,1936
272324,1937
272342,1938
272369,1939
272371,1940
272418,1941
272425,1942
272430,1943
272462,1944
272542,1945
272602,1946
272638,1947
272645,1948
272647,1949
272771,1950
272847,1951
272902,1952
272928,1953
273047,1954
273130,1955
273179,1956
273183,1957
273258,1958
273261,1959
273283,1960
273308,1961
273353,1962
273375,1963
273390,1964
273395,1965
273450,1966
273480,1967
273541,1968
273550,1969
273668,1970
273784,1971
273814,1972
273859,1973
273920,1974
273936,1975
273963,1976
273968,1977
273986,1978
274000,1979
274008,1980
274024,1981
274031,1982
274054,1983
274140,1984
274276,1985
274278,1986
274289,1987
274311,1988
274341,1989
274353,1990
274361,1991
274364,1992
274368,1993
274376,1994
274457,1995
274458,1996
274496,1997
274507,1998
274532,1999
274545,2000
274547,2001
274565,2002
274605,2003
274606,2004
274721,2005
274764,2006
274773,2007
274787,2008
274963,2009
275015,2010
275034,2011
275072,2012
275216,2013
275233,2014
275300,2015
275364,2016
275428,2017
275517,2018
275525,2019
275603,2020
275732,2021
275815,2022
275820,2023
276052,2024
276062,2025
276079,2026
276201,2027
276297,2028
276390,2029
276414,2030
276416,2031
276431,2032
276440,2033
276533,2034
276569,2035
276585,2036
276590,2037
276659,2038
276689,2039
276708,2040
276925,2041
277010,2042
277120,2043
277458,2044
277526,2045
277570,2046
277865,2047
277895,2048
277903,2049
278070,2050
278193,2051
278198,2052
278200,2053
278222,2054
278243,2055
278282,2056
278319,2057
278379,2058
278407,2059
278422,2060
278426,2061
278505,2062
278550,2063
278568,2064
278572,2065
278616,2066
278742,2067
278823,2068
278826,2069
278833,2070
278840,2071
278855,2072
278888,2073
278903,2074
278935,2075
278979,2076
279022,2077
279027,2078
279058,2079
279068,2080
279146,2081
279206,2082
279242,2083
279263,2084
279387,2085
279392,2086
279488,2087
279873,2088
279907,2089
280020,2090
280097,2091
280098,2092
280154,2093
280187,2094
280190,2095
280191,2096
280258,2097
280358,2098
280377,2099
280527,2100
280551,2101
280557,2102
280571,2103
280665,2104
280701,2105
280886,2106
280904,2107
280979,2108
281030,2109
281031,2110
281038,2111
281092,2112
281141,2113
281142,2114
281154,2115
281156,2116
281182,2117
281187,2118
281243,2119
281282,2120
281419,2121
281437,2122
281456,2123
281513,2124
281589,2125
281631,2126
281701,2127
281772,2128
281821,2129
281828,2130
281830,2131
281834,2132
281923,2133
281938,2134
281950,2135
282003,2136
282032,2137
282058,2138
282074,2139
282141,2140
282146,2141
282272,2142
282276,2143
282326,2144
282344,2145
282356,2146
282388,2147
282397,2148
282412,2149
282486,2150
282516,2151
282561,2152
282588,2153
282605,2154
282633,2155
282728,2156
282753,2157
282841,2158
282878,2159
282903,2160
283027,2161
283109,2162
283131,2163
283147,2164
283148,2165
283195,2166
283228,2167
283243,2168
283249,2169
283254,2170
283285,2171
283290,2172
283351,2173
283357,2174
283415,2175
283474,2176
283646,2177
283713,2178
283752,2179
283871,2180
283875,2181
283882,2182
283921,2183
283928,2184
283937,2185
284073,2186
284154,2187
284202,2188
284240,2189
284273,2190
284274,2191
284292,2192
284311,2193
284320,2194
284382,2195
284440,2196
284486,2197
284509,2198
284551,2199
284601,2200
284629,2201
284637,2202
284669,2203
284674,2204
284690,2205
284719,2206
284767,2207
284878,2208
284885,2209
284981,2210
284984,2211
284987,2212
284995,2213
285018,2214
285021,2215
285039,2216
285071,2217
285093,2218
285116,2219
285208,2220
285238,2221
285379,2222
285381,2223
285398,2224
285402,2225
285419,2226
285420,2227
285518,2228
285667,2229
285670,2230
285697,2231
285735,2232
285737,2233
285814,2234
285873,2235
285879,2236
285930,2237
286031,2238
286063,2239
286070,2240
286186,2241
286201,2242
286234,2243
286301,2244
286307,2245
286355,2246
286364,2247
286371,2248
286398,2249
286428,2250
286479,2251
286523,2252
286548,2253
286614,2254
286628,2255
286639,2256
286648,2257
286688,2258
286692,2259
286713,2260
286732,2261
286733,2262
286758,2263
286760,2264
286788,2265
286794,2266
286808,2267
286827,2268
286835,2269
286918,2270
287078,2271
287097,2272
287152,2273
287156,2274
287169,2275
287202,2276
287218,2277
287295,2278
287322,2279
287380,2280
287387,2281
287394,2282
287437,2283
287461,2284
287474,2285
287482,2286
287590,2287
287600,2288
287641,2289
287647,2290
287652,2291
287667,2292
287675,2293
287727,2294
287777,2295
287820,2296
287842,2297
287844,2298
287859,2299
287878,2300
287907,2301
287916,2302
287934,2303
287936,2304
287996,2305
288014,2306
288022,2307
288050,2308
288065,2309
288078,2310
288135,2311
288167,2312
288177,2313
288207,2314
288235,2315
288266,2316
288368,2317
288670,2318
288699,2319
288774,2320
288828,2321
288912,2322
288937,2323
288955,2324
289081,2325
289104,2326
289119,2327
289248,2328
289316,2329
289359,2330
289371,2331
289382,2332
289388,2333
289416,2334
289429,2335
289473,2336
289528,2337
289547,2338
289575,2339
289619,2340
289707,2341
289746,2342
289753,2343
289788,2344
289902,2345
289921,2346
289968,2347
290015,2348
290122,2349
290130,2350
290158,2351
290200,2352
290208,2353
290216,2354
290271,2355
290294,2356
290295,2357
290299,2358
290310,2359
290341,2360
290354,2361
290363,2362
290378,2363
290399,2364
290401,2365
290418,2366
290524,2367
290573,2368
290583,2369
290650,2370
290663,2371
290705,2372
290866,2373
290871,2374
290881,2375
290913,2376
290921,2377
290949,2378
290974,2379
291009,2380
291041,2381
291232,2382
291295,2383
291386,2384
291458,2385
291526,2386
291527,2387
291536,2388
291539,2389
291552,2390
291554,2391
291560,2392
291565,2393
291568,2394
291574,2395
291634,2396
291688,2397
291700,2398
291759,2399
291842,2400
291906,2401
292035,2402
292079,2403
292114,2404
292125,2405
292140,2406
292147,2407
292169,2408
292174,2409
292180,2410
292314,2411
292330,2412
292363,2413
292401,2414
292408,2415
292427,2416
292430,2417
292431,2418
292432,2419
292450,2420
292475,2421
292478,2422
292539,2423
292566,2424
292574,2425
292579,2426
292586,2427
292616,2428
292672,2429
292823,2430
292879,2431
292896,2432
293217,2433
293230,2434
293255,2435
293288,2436
293303,2437
293328,2438
293330,2439
293350,2440
293362,2441
293373,2442
293379,2443
293441,2444
293599,2445
293662,2446
293670,2447
293695,2448
293745,2449
293756,2450
293760,2451
293761,2452
293771,2453
293777,2454
293778,2455
293825,2456
293829,2457
293831,2458
293872,2459
293879,2460
293883,2461
294008,2462
294016,2463
294053,2464
294064,2465
294168,2466
294244,2467
294304,2468
294309,2469
294312,2470
294339,2471
294353,2472
294360,2473
294413,2474
294435,2475
294489,2476
294507,2477
294618,2478
294664,2479
294702,2480
294728,2481
294740,2482
294742,2483
294785,2484
294952,2485
294964,2486
294973,2487
295006,2488
295030,2489
295050,2490
295055,2491
295057,2492
295065,2493
295079,2494
295082,2495
295101,2496
295108,2497
295119,2498
295121,2499
295124,2500
295206,2501
295208,2502
295213,2503
295225,2504
295256,2505
295266,2506
295269,2507
295304,2508
295314,2509
295317,2510
295321,2511
295408,2512
295448,2513
295452,2514
295453,2515
295461,2516
295463,2517
295488,2518
295491,2519
295522,2520
295588,2521
295619,2522
295622,2523
295633,2524
295640,2525
295645,2526
295666,2527
295685,2528
295688,2529
295694,2530
295709,2531
295728,2532
295755,2533
295759,2534
295767,2535
295777,2536
295797,2537
295802,2538
295822,2539
295834,2540
295851,2541
295872,2542
295886,2543
295887,2544
295888,2545
295897,2546
295899,2547
295927,2548
295958,2549
295987,2550
295992,2551
296003,2552
296027,2553
296028,2554
296029,2555
296043,2556
296046,2557
296051,2558
296088,2559
296098,2560
296099,2561
296125,2562
296129,2563
296130,2564
296135,2565
296137,2566
296181,2567
296215,2568
296218,2569
296233,2570
296252,2571
296255,2572
296257,2573
296266,2574
296271,2575
296280,2576
296292,2577
296318,2578
296328,2579
296411,2580
296424,2581
296435,2582
296452,2583
296456,2584
296464,2585
296474,2586
296484,2587
296486,2588
296498,2589
296499,2590
296503,2591
296504,2592
296506,2593
296511,2594
296518,2595
296522,2596
296526,2597
296543,2598
296557,2599
296564,2600
296577,2601
296582,2602
296585,2603
296591,2604
296597,2605
296603,2606
296632,2607
296658,2608
296674,2609
296677,2610
296695,2611
296741,2612
296754,2613
296755,2614
296777,2615
296782,2616
296785,2617
296786,2618
296795,2619
296824,2620
296859,2621
296921,2622
296930,2623
297012,2624
297044,2625
297130,2626
297135,2627
297142,2628
297145,2629
297157,2630
297185,2631
297205,2632
297258,2633
297265,2634
297267,2635
297283,2636
297293,2637
297313,2638
297316,2639
297325,2640
297338,2641
297350,2642
297354,2643
297423,2644
297431,2645
297435,2646
297436,2647
297494,2648
297504,2649
297512,2650
297532,2651
297534,2652
297540,2653
297591,2654
297613,2655
297623,2656
297625,2657
297668,2658
297767,2659
297785,2660
297788,2661
297792,2662
297837,2663
297848,2664
297873,2665
297990,2666
297991,2667
298032,2668
298048,2669
298097,2670
298119,2671
298139,2672
298159,2673
298181,2674
298198,2675
298248,2676
298251,2677
298282,2678
298288,2679
298295,2680
298299,2681
298316,2682
298317,2683
298352,2684
298396,2685
298492,2686
298527,2687
298545,2688
298552,2689
298556,2690
298573,2691
298585,2692
298681,2693
298690,2694
298743,2695
298746,2696
298767,2697
298832,2698
298854,2699
298875,2700
298892,2701
298910,2702
298912,2703
298925,2704
299001,2705
299084,2706
299106,2707
299138,2708
299140,2709
299157,2710
299163,2711
299192,2712
299213,2713
299238,2714
299299,2715
299320,2716
299339,2717
299340,2718
299367,2719
299427,2720
299441,2721
299481,2722
299492,2723
299518,2724
299529,2725
299575,2726
299601,2727
299608,2728
299665,2729
299705,2730
299721,2731
299736,2732
299752,2733
299766,2734
299767,2735
299853,2736
299886,2737
300026,2738
300030,2739
300051,2740
300055,2741
300060,2742
300079,2743
300086,2744
300093,2745
300098,2746
300107,2747
300113,2748
300131,2749
300145,2750
300146,2751
300151,2752
300175,2753
300176,2754
300181,2755
300184,2756
300190,2757
300213,2758
300231,2759
300245,2760
300258,2761
300283,2762
300289,2763
300305,2764
300404,2765
300413,2766
300452,2767
300456,2768
300504,2769
300527,2770
300557,2771
300571,2772
300574,2773
300576,2774
300648,2775
300651,2776
300658,2777
300738,2778
300747,2779
300811,2780
300850,2781
300870,2782
300896,2783
300900,2784
300961,2785
301012,2786
301015,2787
301030,2788
301039,2789
301046,2790
301061,2791
301067,2792
301068,2793
301141,2794
301146,2795
301159,2796
301175,2797
301178,2798
301204,2799
301244,2800
301246,2801
301263,2802
301272,2803
301281,2804
301310,2805
301329,2806
301332,2807
301364,2808
301391,2809
301396,2810
301407,2811
301408,2812
301420,2813
301454,2814
301455,2815
301457,2816
301463,2817
301522,2818
301547,2819
301587,2820
301599,2821
301656,2822
301659,2823
301671,2824
301727,2825
301729,2826
301761,2827
301764,2828
301765,2829
301785,2830
301838,2831
301887,2832
301891,2833
301904,2834
301908,2835
301921,2836
301924,2837
302037,2838
302079,2839
302100,2840
302105,2841
302111,2842
302150,2843
302160,2844
302194,2845
302324,2846
302393,2847
302413,2848
302486,2849
302543,2850
302548,2851
302579,2852
302620,2853
302621,2854
302625,2855
302640,2856
302716,2857
302724,2858
302728,2859
302768,2860
302783,2861
302790,2862
302801,2863
302805,2864
302830,2865
302843,2866
302846,2867
302886,2868
302895,2869
302913,2870
302935,2871
302961,2872
302967,2873
302968,2874
303145,2875
303147,2876
303149,2877
303153,2878
303158,2879
303174,2880
303178,2881
303206,2882
303222,2883
303231,2884
303276,2885
303356,2886
303366,2887
303373,2888
303427,2889
303437,2890
303482,2891
303511,2892
303515,2893
303522,2894
303575,2895
303584,2896
303634,2897
303709,2898
303758,2899
303766,2900
303908,2901
303909,2902
303915,2903
303920,2904
303942,2905
303978,2906
303997,2907
304004,2908
304032,2909
304051,2910
304078,2911
304102,2912
304133,2913
304139,2914
304147,2915
304226,2916
304229,2917
304268,2918
304277,2919
304286,2920
304290,2921
304353,2922
304355,2923
304360,2924
304364,2925
304408,2926
304429,2927
304435,2928
304440,2929
304467,2930
304586,2931
304592,2932
304593,2933
304669,2934
304689,2935
304762,2936
304767,2937
304782,2938
304822,2939
304854,2940
304891,2941
304895,2942
304903,2943
304908,2944
304941,2945
304956,2946
304987,2947
305069,2948
305071,2949
305077,2950
305107,2951
305138,2952
305161,2953
305193,2954
305204,2955
305260,2956
305288,2957
305302,2958
305373,2959
305416,2960
305422,2961
305426,2962
305442,2963
305449,2964
305465,2965
305480,2966
305494,2967
305556,2968
305595,2969
305613,2970
305647,2971
305653,2972
305654,2973
305692,2974
305696,2975
305699,2976
305714,2977
305721,2978
305725,2979
305731,2980
305769,2981
305810,2982
305839,2983
305875,2984
305877,2985
305892,2986
305906,2987
305918,2988
305924,2989
305988,2990
305995,2991
306003,2992
306015,2993
306070,2994
306080,2995
306099,2996
306100,2997
306123,2998
306124,2999
306129,3000
306163,3001
306220,3002
306245,3003
306253,3004
306261,3005
306285,3006
306320,3007
306324,3008
306328,3009
306330,3010
306335,3011
306344,3012
306362,3013
306396,3014
306397,3015
306410,3016
306425,3017
306449,3018
306459,3019
306490,3020
306512,3021
306548,3022
306561,3023
306606,3024
306614,3025
306625,3026
306637,3027
306670,3028
306752,3029
306760,3030
306772,3031
306817,3032
306822,3033
306844,3034
306881,3035
306884,3036
306894,3037
306900,3038
306902,3039
306906,3040
306920,3041
306997,3042
307004,3043
307006,3044
307014,3045
307093,3046
307132,3047
307142,3048
307143,3049
307155,3050
307156,3051
307181,3052
307183,3053
307197,3054
307199,3055
307208,3056
307240,3057
307241,3058
307259,3059
307265,3060
307272,3061
307288,3062
307292,3063
307297,3064
307298,3065
307305,3066
307321,3067
307342,3068
307423,3069
307449,3070
307479,3071
307491,3072
307508,3073
307513,3074
307519,3075
307540,3076
307567,3077
307636,3078
307674,3079
307684,3080
307697,3081
307766,3082
307786,3083
307850,3084
307853,3085
307858,3086
307863,3087
307889,3088
307900,3089
307939,3090
307940,3091
307959,3092
307971,3093
307975,3094
308012,3095
308022,3096
308024,3097
308032,3098
308122,3099
308193,3100
308208,3101
308236,3102
308258,3103
308275,3104
308318,3105
308361,3106
308369,3107
308405,3108
308430,3109
308452,3110
308472,3111
308533,3112
308541,3113
308546,3114
308597,3115
308606,3116
308610,3117
308622,3118
308720,3119
308750,3120
308753,3121
308770,3122
308772,3123
308815,3124
308820,3125
308897,3126
308921,3127
308938,3128
308944,3129
308970,3130
309036,3131
309092,3132
309116,3133
309132,3134
309142,3135
309161,3136
309163,3137
309189,3138
309262,3139
309338,3140
309376,3141
309430,3142
309432,3143
309457,3144
309474,3145
309477,3146
309521,3147
309524,3148
309538,3149
309548,3150
309565,3151
309570,3152
309572,3153
309591,3154
309595,3155
309597,3156
309606,3157
309644,3158
309714,3159
309767,3160
309772,3161
309913,3162
309945,3163
309953,3164
309968,3165
310015,3166
310036,3167
310042,3168
310094,3169
310117,3170
310120,3171
310129,3172
310170,3173
310205,3174
310208,3175
310219,3176
310226,3177
310241,3178
310335,3179
310356,3180
310375,3181
310406,3182
310447,3183
310448,3184
310472,3185
310491,3186
310515,3187
310520,3188
310547,3189
310561,3190
310572,3191
310573,3192
310623,3193
310649,3194
310657,3195
310658,3196
310661,3197
310668,3198
310670,3199
310696,3200
310721,3201
310723,3202
310796,3203
310829,3204
310841,3205
310842,3206
310861,3207
310928,3208
310978,3209
311005,3210
311083,3211
311135,3212
311165,3213
311196,3214
311221,3215
311224,3216
311273,3217
311280,3218
311290,3219
311291,3220
311313,3221
311318,3222
311319,3223
311344,3224
311364,3225
311399,3226
311401,3227
311405,3228
311430,3229
311449,3230
311469,3231
311486,3232
311500,3233
311502,3234
311505,3235
311513,3236
311528,3237
311545,3238
311579,3239
311677,3240
311695,3241
311713,3242
311760,3243
311778,3244
311816,3245
311825,3246
311837,3247
311857,3248
311899,3249
311962,3250
311977,3251
311997,3252
312002,3253
312027,3254
312066,3255
312081,3256
312082,3257
312107,3258
312134,3259
312158,3260
312224,3261
312244,3262
312250,3263
312273,3264
312284,3265
312286,3266
312293,3267
312318,3268
312326,3269
312367,3270
312379,3271
312397,3272
312411,3273
312415,3274
312439,3275
312455,3276
312457,3277
312506,3278
312535,3279
312554,3280
312599,3281
312618,3282
312624,3283
312634,3284
312652,3285
312664,3286
312671,3287
312673,3288
312675,3289
312741,3290
312774,3291
312778,3292
312981,3293
312987,3294
313007,3295
313050,3296
313140,3297
313158,3298
313159,3299
313169,3300
313172,3301
313199,3302
313309,3303
313318,3304
313350,3305
313391,3306
313419,3307
313420,3308
313432,3309
313454,3310
313490,3311
313500,3312
313571,3313
313581,3314
313582,3315
313600,3316
313601,3317
313603,3318
313670,3319
313681,3320
313811,3321
313829,3322
313833,3323
313854,3324
313869,3325
313875,3326
313921,3327
313933,3328
313953,3329
313983,3330
314004,3331
314029,3332
314030,3333
314036,3334
314067,3335
314080,3336
314099,3337
314116,3338
314129,3339
314151,3340
314157,3341
314173,3342
314299,3343
314348,3344
314380,3345
314407,3346
314441,3347
314444,3348
314499,3349
314505,3350
314518,3351
314543,3352
314544,3353
314560,3354
314606,3355
314608,3356
314615,3357
314649,3358
314733,3359
314776,3360
314792,3361
314807,3362
314897,3363
314976,3364
315006,3365
315011,3366
315013,3367
315017,3368
315118,3369
315136,3370
315182,3371
315190,3372
315263,3373
315371,3374
315379,3375
315386,3376
315397,3377
315465,3378
315476,3379
315477,3380
315557,3381
315564,3382
315569,3383
315602,3384
315644,3385
315654,3386
315659,3387
315680,3388
315700,3389
315702,3390
315713,3391
315743,3392
315768,3393
315774,3394
315775,3395
315791,3396
315870,3397
315931,3398
315988,3399
316029,3400
316042,3401
316054,3402
316114,3403
316130,3404
316152,3405
316173,3406
316176,3407
316228,3408
316244,3409
316329,3410
316335,3411
316338,3412
316357,3413
316416,3414
316454,3415
316491,3416
316496,3417
316527,3418
316578,3419
316605,3420
316649,3421
316675,3422
316681,3423
316779,3424
316786,3425
316809,3426
316842,3427
316845,3428
316881,3429
316905,3430
316948,3431
317123,3432
317128,3433
317144,3434
317224,3435
317232,3436
317272,3437
317310,3438
317331,3439
317334,3440
317379,3441
317445,3442
317468,3443
317469,3444
317473,3445
317578,3446
317579,3447
317674,3448
317691,3449
317714,3450
317780,3451
317790,3452
317817,3453
317872,3454
317891,3455
317895,3456
317902,3457
317904,3458
317955,3459
317971,3460
317992,3461
317997,3462
318016,3463
318057,3464
318085,3465
318128,3466
318147,3467
318165,3468
318176,3469
318195,3470
318234,3471
318297,3472
318298,3473
318351,3474
318352,3475
318355,3476
318423,3477
318429,3478
318480,3479
318585,3480
318602,3481
318604,3482
318629,3483
318641,3484
318650,3485
318684,3486
318697,3487
318799,3488
318821,3489
318822,3490
318861,3491
318868,3492
318900,3493
318912,3494
318914,3495
318944,3496
318960,3497
318966,3498
318982,3499
319052,3500
319060,3501
319104,3502
319140,3503
319141,3504
319169,3505
319170,3506
319179,3507
319240,3508
319255,3509
319281,3510
319305,3511
319370,3512
319412,3513
319417,3514
319476,3515
319482,3516
319486,3517
319501,3518
319531,3519
319590,3520
319591,3521
319597,3522
319622,3523
319635,3524
319636,3525
319705,3526
319713,3527
319726,3528
319730,3529
319739,3530
319744,3531
319756,3532
319781,3533
319788,3534
319799,3535
319814,3536
319817,3537
319829,3538
319914,3539
319918,3540
319974,3541
319992,3542
320006,3543
320017,3544
320025,3545
320038,3546
320043,3547
320084,3548
320092,3549
320130,3550
320147,3551
320171,3552
320176,3553
320219,3554
320246,3555
320247,3556
320295,3557
320309,3558
320318,3559
320324,3560
320346,3561
320347,3562
320401,3563
320431,3564
320488,3565
320521,3566
320543,3567
320548,3568
320563,3569
320566,3570
320634,3571
320650,3572
320658,3573
320663,3574
320679,3575
320797,3576
320813,3577
320821,3578
320866,3579
320869,3580
320885,3581
320924,3582
320935,3583
320936,3584
320949,3585
321021,3586
321070,3587
321077,3588
321195,3589
321203,3590
321239,3591
321260,3592
321309,3593
321320,3594
321326,3595
321330,3596
321334,3597
321345,3598
321346,3599
321348,3600
321424,3601
321455,3602
321537,3603
321546,3604
321573,3605
321584,3606
321606,3607
321617,3608
321679,3609
321684,3610
321691,3611
321703,3612
321706,3613
321735,3614
321805,3615
321810,3616
321826,3617
321853,3618
321856,3619
321874,3620
321927,3621
321951,3622
322020,3623
322159,3624
322180,3625
322181,3626
322191,3627
322192,3628
322218,3629
322229,3630
322249,3631
322304,3632
322316,3633
322343,3634
322373,3635
322396,3636
322421,3637
322439,3638
322457,3639
322460,3640
322469,3641
322524,3642
322609,3643
322706,3644
322716,3645
322775,3646
322804,3647
322832,3648
322845,3649
322915,3650
322937,3651
323036,3652
323046,3653
323047,3654
323065,3655
323071,3656
323074,3657
323148,3658
323183,3659
323264,3660
323275,3661
323280,3662
323300,3663
323328,3664
323355,3665
323421,3666
323424,3667
323527,3668
323549,3669
323568,3670
323587,3671
323588,3672
323678,3673
323696,3674
323740,3675
323782,3676
323795,3677
323856,3678
323858,3679
323872,3680
323879,3681
323901,3682
323913,3683
323927,3684
323929,3685
323967,3686
324101,3687
324127,3688
324173,3689
324203,3690
324204,3691
324302,3692
324318,3693
324343,3694
324403,3695
324404,3696
324422,3697
324463,3698
324510,3699
324511,3700
324527,3701
324532,3702
324573,3703
324587,3704
324628,3705
324648,3706
324651,3707
324741,3708
324806,3709
324810,3710
324827,3711
324856,3712
324901,3713
324956,3714
325002,3715
325017,3716
325074,3717
325136,3718
325146,3719
325239,3720
325240,3721
325290,3722
325312,3723
325313,3724
325355,3725
325369,3726
325376,3727
325377,3728
325398,3729
325425,3730
325448,3731
325548,3732
325561,3733
325562,3734
325564,3735
325589,3736
325594,3737
325612,3738
325634,3739
325655,3740
325674,3741
325677,3742
325681,3743
325690,3744
325708,3745
325748,3746
325775,3747
325785,3748
325822,3749
325863,3750
325868,3751
325895,3752
325905,3753
325919,3754
325929,3755
325941,3756
325958,3757
326003,3758
326018,3759
326031,3760
326052,3761
326070,3762
326128,3763
326159,3764
326170,3765
326200,3766
326219,3767
326227,3768
326238,3769
326240,3770
326247,3771
326261,3772
326305,3773
326324,3774
326340,3775
326342,3776
326366,3777
326381,3778
326411,3779
326424,3780
326432,3781
326519,3782
326531,3783
326563,3784
326570,3785
326581,3786
326598,3787
326603,3788
326604,3789
326649,3790
326693,3791
326706,3792
326759,3793
326806,3794
326813,3795
326817,3796
326879,3797
326888,3798
327048,3799
327054,3800
327070,3801
327077,3802
327145,3803
327179,3804
327213,3805
327214,3806
327234,3807
327246,3808
327251,3809
327290,3810
327417,3811
327431,3812
327453,3813
327468,3814
327487,3815
327557,3816
327589,3817
327599,3818
327694,3819
327732,3820
327763,3821
327786,3822
327796,3823
327801,3824
327832,3825
327916,3826
327943,3827
327950,3828
328004,3829
328059,3830
328079,3831
328083,3832
328088,3833
328137,3834
328169,3835
328174,3836
328181,3837
328187,3838
328207,3839
328228,3840
328230,3841
328236,3842
328251,3843
328269,3844
328277,3845
328287,3846
328325,3847
328340,3848
328358,3849
328359,3850
328412,3851
328426,3852
328472,3853
328484,3854
328511,3855
328524,3856
328551,3857
328596,3858
328625,3859
328698,3860
328720,3861
328773,3862
328777,3863
328818,3864
328835,3865
328875,3866
328928,3867
328938,3868
328940,3869
328977,3870
328983,3871
329002,3872
329093,3873
329097,3874
329102,3875
329127,3876
329140,3877
329219,3878
329243,3879
329292,3880
329312,3881
329360,3882
329374,3883
329380,3884
329403,3885
329419,3886
329466,3887
329507,3888
329548,3889
329558,3890
329614,3891
329654,3892
329662,3893
329697,3894
329715,3895
329794,3896
329797,3897
329858,3898
329869,3899
329880,3900
329890,3901
329915,3902
329918,3903
329920,3904
329926,3905
329932,3906
329933,3907
330032,3908
330101,3909
330199,3910
330237,3911
330349,3912
330361,3913
330381,3914
330382,3915
330389,3916
330391,3917
330393,3918
330432,3919
330433,3920
330484,3921
330523,3922
330633,3923
330658,3924
330696,3925
330720,3926
330730,3927
330737,3928
330753,3929
330825,3930
330842,3931
330918,3932
330959,3933
331040,3934
331044,3935
331086,3936
331087,3937
331106,3938
331111,3939
331127,3940
331152,3941
331172,3942
331201,3943
331209,3944
331210,3945
331258,3946
331268,3947
331305,3948
331313,3949
331342,3950
331369,3951
331462,3952
331465,3953
331479,3954
331487,3955
331577,3956
331614,3957
331678,3958
331720,3959
331736,3960
331746,3961
331831,3962
331843,3963
331857,3964
331867,3965
331879,3966
331901,3967
331983,3968
332034,3969
332073,3970
332118,3971
332148,3972
332163,3973
332164,3974
332194,3975
332198,3976
332208,3977
332215,3978
332225,3979
332247,3980
332256,3981
332287,3982
332296,3983
332325,3984
332340,3985
332353,3986
332371,3987
332448,3988
332449,3989
332454,3990
332513,3991
332565,3992
332592,3993
332602,3994
332604,3995
332659,3996
332679,3997
332756,3998
332771,3999
332788,4000
332790,4001
332791,4002
332806,4003
332812,4004
332973,4005
332979,4006
332983,4007
333019,4008
333024,4009
333037,4010
333157,4011
333266,4012
333275,4013
333277,4014
333283,4015
333292,4016
333298,4017
333300,4018
333326,4019
333329,4020
333350,4021
333376,4022
333401,4023
333433,4024
333441,4025
333496,4026
333539,4027
333551,4028
333633,4029
333640,4030
333657,4031
333664,4032
333666,4033
333667,4034
333680,4035
333685,4036
333725,4037
333769,4038
333800,4039
333813,4040
333833,4041
333836,4042
333837,4043
333919,4044
333920,4045
333926,4046
333938,4047
333946,4048
333948,4049
333982,4050
334002,4051
334003,4052
334008,4053
334040,4054
334044,4055
334100,4056
334113,4057
334122,4058
334134,4059
334140,4060
334181,4061
334198,4062
334216,4063
334223,4064
334276,4065
334289,4066
334308,4067
334314,4068
334319,4069
334329,4070
334364,4071
334373,4072
334379,4073
334382,4074
334415,4075
334437,4076
334448,4077
334463,4078
334474,4079
334538,4080
334564,4081
334592,4082
334657,4083
334681,4084
334714,4085
334767,4086
334805,4087
334851,4088
334876,4089
334910,4090
334938,4091
334941,4092
334958,4093
335029,4094
335040,4095
335055,4096
335062,4097
335074,4098
335076,4099
335082,4100
335091,4101
335094,4102
335153,4103
335196,4104
335201,4105
335203,4106
335261,4107
335306,4108
335307,4109
335320,4110
335321,4111
335384,4112
335463,4113
335500,4114
335557,4115
335560,4116
335614,4117
335620,4118
335628,4119
335632,4120
335655,4121
335677,4122
335808,4123
336712,4124
336721,4125
336729,4126
336740,4127
336741,4128
336747,4129
336750,4130
336752,4131
336775,4132
336790,4133
336799,4134
336817,4135
336829,4136
336831,4137
336866,4138
336887,4139
336894,4140
336914,4141
336931,4142
337040,4143
337060,4144
337065,4145
337081,4146
337103,4147
337122,4148
337146,4149
337168,4150
337194,4151
337261,4152
337332,4153
337335,4154
337353,4155
337354,4156
337368,4157
337386,4158
337393,4159
337439,4160
337443,4161
337445,4162
337451,4163
337452,4164
337477,4165
337500,4166
337501,4167
337512,4168
337513,4169
337572,4170
337598,4171
337618,4172
337623,4173
337632,4174
337641,4175
337675,4176
337688,4177
337731,4178
337733,4179
337746,4180
337797,4181
337804,4182
337816,4183
337838,4184
337850,4185
337854,4186
337907,4187
337946,4188
337949,4189
337972,4190
337991,4191
337998,4192
338019,4193
338030,4194
338039,4195
338082,4196
338157,4197
338171,4198
338173,4199
338185,4200
338186,4201
338217,4202
338235,4203
338258,4204
338260,4205
338272,4206
338283,4207
338348,4208
338352,4209
338369,4210
338487,4211
338512,4212
338532,4213
338533,4214
338624,4215
338629,4216
338641,4217
338648,4218
338671,4219
338673,4220
338703,4221
338727,4222
338728,4223
338766,4224
338769,4225
338770,4226
338777,4227
338785,4228
338788,4229
338796,4230
338806,4231
338814,4232
338844,4233
338860,4234
338934,4235
338964,4236
338990,4237
339001,4238
339017,4239
339030,4240
339063,4241
339090,4242
339145,4243
339179,4244
339186,4245
339191,4246
339238,4247
339280,4248
339328,4249
339340,4250
339389,4251
339390,4252
339398,4253
339449,4254
339467,4255
339477,4256
339479,4257
339484,4258
339495,4259
339524,4260
339532,4261
339566,4262
339577,4263
339587,4264
339637,4265
339659,4266
339730,4267
339754,4268
339787,4269
339795,4270
339801,4271
339824,4272
339826,4273
339834,4274
339835,4275
339850,4276
339881,4277
339883,4278
339912,4279
339916,4280
339933,4281
339992,4282
340019,4283
340125,4284
340132,4285
340176,4286
340200,4287
340211,4288
340279,4289
340292,4290
340299,4291
340329,4292
340347,4293
340361,4294
340454,4295
340466,4296
340474,4297
340494,4298
340505,4299
340510,4300
340519,4301
340608,4302
340648,4303
340660,4304
340684,4305
340688,4306
340691,4307
340796,4308
340820,4309
340874,4310
340883,4311
340896,4312
340900,4313
340935,4314
340939,4315
340982,4316
340989,4317
340998,4318
341021,4319
341030,4320
341044,4321
341045,4322
341071,4323
341082,4324
341094,4325
341108,4326
341141,4327
341159,4328
341171,4329
341189,4330
341198,4331
341208,4332
341214,4333
341243,4334
341268,4335
341280,4336
341289,4337
341324,4338
341346,4339
341351,4340
341361,4341
341382,4342
341442,4343
341483,4344
341489,4345
341490,4346
341551,4347
341562,4348
341597,4349
341610,4350
341625,4351
341657,4352
341680,4353
341743,4354
341765,4355
341819,4356
341826,4357
341885,4358
341911,4359
341940,4360
341947,4361
341963,4362
342007,4363
342012,4364
342015,4365
342019,4366
342026,4367
342056,4368
342082,4369
342098,4370
342105,4371
342144,4372
342216,4373
342222,4374
342262,4375
342267,4376
342276,4377
342278,4378
342295,4379
342307,4380
342374,4381
342385,4382
342434,4383
342481,4384
342502,4385
342510,4386
342576,4387
342637,4388
342676,4389
342680,4390
342681,4391
342699,4392
342710,4393
342755,4394
342778,4395
342840,4396
342848,4397
342850,4398
342858,4399
342924,4400
342931,4401
342938,4402
342952,4403
342974,4404
342981,4405
343001,4406
343023,4407
343054,4408
343064,4409
343081,4410
343129,4411
343140,4412
343158,4413
343200,4414
343288,4415
343325,4416
343377,4417
343405,4418
343412,4419
343428,4420
343445,4421
343479,4422
343497,4423
343515,4424
343526,4425
343535,4426
343552,4427
343619,4428
343629,4429
343633,4430
343656,4431
343657,4432
343658,4433
343676,4434
343690,4435
343701,4436
343742,4437
343746,4438
343818,4439
343867,4440
343885,4441
343890,4442
343899,4443
343930,4444
343952,4445
343966,4446
344087,4447
344125,4448
344208,4449
344215,4450
344218,4451
344220,4452
344223,4453
344299,4454
344314,4455
344393,4456
344401,4457
344411,4458
344424,4459
344431,4460
344432,4461
344446,4462
344458,4463
344465,4464
344468,4465
344479,4466
344488,4467
344503,4468
344544,4469
344572,4470
344609,4471
344635,4472
344666,4473
344674,4474
344724,4475
344749,4476
344782,4477
344794,4478
344819,4479
344829,4480
344855,4481
344903,4482
344937,4483
344989,4484
345001,4485
345008,4486
345023,4487
345055,4488
345083,4489
345107,4490
345179,4491
345193,4492
345243,4493
345259,4494
345268,4495
345270,4496
345282,4497
345292,4498
345341,4499
345347,4500
345359,4501
345361,4502
345412,4503
345436,4504
345445,4505
345479,4506
345492,4507
345494,4508
345502,4509
345528,4510
345555,4511
345571,4512
345575,4513
345667,4514
345672,4515
345708,4516
345728,4517
345731,4518
345752,4519
345767,4520
345773,4521
345774,4522
345824,4523
345848,4524
345849,4525
345873,4526
345895,4527
345917,4528
345984,4529
345997,4530
346015,4531
346027,4532
346032,4533
346050,4534
346065,4535
346080,4536
346103,4537
346112,4538
346120,4539
346130,4540
346151,4541
346155,4542
346158,4543
346160,4544
346175,4545
346196,4546
346251,4547
346255,4548
346265,4549
346300,4550
346335,4551
346340,4552
346414,4553
346442,4554
346478,4555
346483,4556
346508,4557
346550,4558
346560,4559
346577,4560
346603,4561
346634,4562
346635,4563
346643,4564
346667,4565
346671,4566
346694,4567
346697,4568
346733,4569
346762,4570
346805,4571
346827,4572
346829,4573
346839,4574
346879,4575
346886,4576
346927,4577
346955,4578
346964,4579
346986,4580
346997,4581
347005,4582
347032,4583
347043,4584
347046,4585
347055,4586
347134,4587
347140,4588
347170,4589
347184,4590
347188,4591
347195,4592
347197,4593
347206,4594
347213,4595
347224,4596
347277,4597
347324,4598
347345,4599
347379,4600
347427,4601
347444,4602
347451,4603
347454,4604
347498,4605
347507,4606
347532,4607
347548,4608
347583,4609
347586,4610
347591,4611
347626,4612
347655,4613
347710,4614
347714,4615
347716,4616
347717,4617
347754,4618
347778,4619
347810,4620
347821,4621
347845,4622
347896,4623
347915,4624
347916,4625
347931,4626
347942,4627
347948,4628
347997,4629
348010,4630
348056,4631
348064,4632
348069,4633
348099,4634
348128,4635
348163,4636
348168,4637
348170,4638
348206,4639
348211,4640
348216,4641
348314,4642
348316,4643
348349,4644
348381,4645
348395,4646
348416,4647
348429,4648
348442,4649
348453,4650
348455,4651
348459,4652
348460,4653
348471,4654
348489,4655
348496,4656
348538,4657
348564,4658
348573,4659
348596,4660
348602,4661
348635,4662
348668,4663
348714,4664
348752,4665
348753,4666
348757,4667
348772,4668
348775,4669
348821,4670
348828,4671
348838,4672
348849,4673
348888,4674
348912,4675
348931,4676
348933,4677
348944,4678
348959,4679
348965,4680
348982,4681
349003,4682
349016,4683
349052,4684
349085,4685
349087,4686
349116,4687
349124,4688
349131,4689
349143,4690
349156,4691
349168,4692
349204,4693
349205,4694
349238,4695
349252,4696
349259,4697
349274,4698
349281,4699
349291,4700
349305,4701
349313,4702
349320,4703
349351,4704
349359,4705
349365,4706
349436,4707
349439,4708
349446,4709
349456,4710
349458,4711
349486,4712
349490,4713
349541,4714
349577,4715
349594,4716
349595,4717
349596,4718
349616,4719
349629,4720
349640,4721
349658,4722
349679,4723
349687,4724
349689,4725
349708,4726
349723,4727
349727,4728
349732,4729
349748,4730
349781,4731
349790,4732
349823,4733
349824,4734
349874,4735
349877,4736
349923,4737
349929,4738
349931,4739
349954,4740
349957,4741
349967,4742
349970,4743
349971,4744
350012,4745
350032,4746
350050,4747
350071,4748
350075,4749
350098,4750
350132,4751
350170,4752
350195,4753
350199,4754
350224,4755
350256,4756
350266,4757
350267,4758
350278,4759
350310,4760
350331,4761
350332,4762
350353,4763
350358,4764
350364,4765
350369,4766
350386,4767
350425,4768
350447,4769
350491,4770
350509,4771
350541,4772
350547,4773
350574,4774
350651,4775
350681,4776
350698,4777
350708,4778
350718,4779
350815,4780
350844,4781
350848,4782
350874,4783
350881,4784
350896,4785
350911,4786
350928,4787
350934,4788
350937,4789
350949,4790
351008,4791
351022,4792
351040,4793
351052,4794
351059,4795
351075,4796
351100,4797
351113,4798
351132,4799
351138,4800
351141,4801
351155,4802
351185,4803
351190,4804
351206,4805
351207,4806
351250,4807
351255,4808
351273,4809
351314,4810
351318,4811
351327,4812
351338,4813
351342,4814
351380,4815
351407,4816
351422,4817
351475,4818
351490,4819
351536,4820
351589,4821
351602,4822
351605,4823
351614,4824
351619,4825
351631,4826
351642,4827
351644,4828
351646,4829
351669,4830
351682,4831
351697,4832
351737,4833
351770,4834
351777,4835
351790,4836
351811,4837
351832,4838
351884,4839
351908,4840
351926,4841
351933,4842
351937,4843
351947,4844
351990,4845
352021,4846
352035,4847
352071,4848
352111,4849
352119,4850
352138,4851
352162,4852
352173,4853
352185,4854
352208,4855
352216,4856
352248,4857
352252,4858
352257,4859
352264,4860
352272,4861
352282,4862
352288,4863
352295,4864
352401,4865
352408,4866
352414,4867
352420,4868
352438,4869
352444,4870
352463,4871
352510,4872
352513,4873
352516,4874
352522,4875
352527,4876
352536,4877
352540,4878
352544,4879
352565,4880
352584,4881
352608,4882
352627,4883
352642,4884
352645,4885
352673,4886
352676,4887
352678,4888
352706,4889
352738,4890
352835,4891
352882,4892
352926,4893
352927,4894
352936,4895
353010,4896
353013,4897
353025,4898
353030,4899
353072,4900
353098,4901
353099,4902
353104,4903
353114,4904
353129,4905
353165,4906
353198,4907
353245,4908
353246,4909
353249,4910
353259,4911
353284,4912
353292,4913
353375,4914
353379,4915
353393,4916
353408,4917
353422,4918
353452,4919
353470,4920
353475,4921
353496,4922
353508,4923
353518,4924
353575,4925
353582,4926
353590,4927
353600,4928
353608,4929
353650,4930
353654,4931
353670,4932
353720,4933
353731,4934
353741,4935
353769,4936
353770,4937
353826,4938
353846,4939
353864,4940
353904,4941
353910,4942
353959,4943
354003,4944
354032,4945
354039,4946
354085,4947
354090,4948
354091,4949
354125,4950
354152,4951
354158,4952
354201,4953
354206,4954
354207,4955
354223,4956
354227,4957
354280,4958
354335,4959
354340,4960
354346,4961
354357,4962
354360,4963
354361,4964
354376,4965
354394,4966
354416,4967
354476,4968
354478,4969
354488,4970
354490,4971
354499,4972
354511,4973
354518,4974
354522,4975
354525,4976
354553,4977
354554,4978
354558,4979
354560,4980
354566,4981
354573,4982
354580,4983
354607,4984
354610,4985
354612,4986
354621,4987
354645,4988
354649,4989
354660,4990
354671,4991
354681,4992
354683,4993
354686,4994
354687,4995
354689,4996
354718,4997
354720,4998
354721,4999
354739,5000
354762,5001
354775,5002
354777,5003
354778,5004
354782,5005
354791,5006
354794,5007
354822,5008
354829,5009
354848,5010
354850,5011
354855,5012
354859,5013
354874,5014
354876,5015
354878,5016
354884,5017
354900,5018
354910,5019
354911,5020
354916,5021
354917,5022
354920,5023
354923,5024
354927,5025
354929,5026
354952,5027
354960,5028
354961,5029
354964,5030
354972,5031
354982,5032
354995,5033
355001,5034
355011,5035
355013,5036
355014,5037
355028,5038
355050,5039
355053,5040
355064,5041
355077,5042
355084,5043
355094,5044
355110,5045
355114,5046
355124,5047
355133,5048
355141,5049
355167,5050
355185,5051
355192,5052
355204,5053
355228,5054
355231,5055
355237,5056
355245,5057
355249,5058
355250,5059
355251,5060
355325,5061
355330,5062
355340,5063
355354,5064
355361,5065
355370,5066
355384,5067
355385,5068
355387,5069
355388,5070
355396,5071
355421,5072
355428,5073
355459,5074
355465,5075
355470,5076
355471,5077
355493,5078
355511,5079
355512,5080
355517,5081
355518,5082
355523,5083
355533,5084
355536,5085
355541,5086
355566,5087
355574,5088
355580,5089
355583,5090
355587,5091
355589,5092
355599,5093
355601,5094
355605,5095
355609,5096
355627,5097
355631,5098
355632,5099
355645,5100
355652,5101
355656,5102
355657,5103
355658,5104
355672,5105
355689,5106
355751,5107
355759,5108
355760,5109
355771,5110
355780,5111
355785,5112
355809,5113
355812,5114
355865,5115
355870,5116
355877,5117
355880,5118
355889,5119
355890,5120
355900,5121
355902,5122
355904,5123
355920,5124
355922,5125
355923,5126
355924,5127
355927,5128
355929,5129
355938,5130
355955,5131
355958,5132
355966,5133
355968,5134
355969,5135
355979,5136
355988,5137
355995,5138
356000,5139
356001,5140
356015,5141
356016,5142
356024,5143
356030,5144
356033,5145
356070,5146
356105,5147
356107,5148
356110,5149
356113,5150
356130,5151
356134,5152
356150,5153
356155,5154
356162,5155
356169,5156
356191,5157
356198,5158
356202,5159
356205,5160
356218,5161
356224,5162
356231,5163
356233,5164
356247,5165
356251,5166
356256,5167
356257,5168
356263,5169
356265,5170
356308,5171
356320,5172
356331,5173
356355,5174
356370,5175
356381,5176
356382,5177
356385,5178
356399,5179
356405,5180
356410,5181
356421,5182
356426,5183
356429,5184
356430,5185
356433,5186
356436,5187
356437,5188
356448,5189
356465,5190
356476,5191
356480,5192
356505,5193
356515,5194
356518,5195
356520,5196
356529,5197
356530,5198
356541,5199
356548,5200
356549,5201
356560,5202
356562,5203
356563,5204
356587,5205
356591,5206
356599,5207
356602,5208
356607,5209
356621,5210
356630,5211
356634,5212
356646,5213
356652,5214
356669,5215
356671,5216
356674,5217
356694,5218
356696,5219
356702,5220
356708,5221
356723,5222
356729,5223
356737,5224
356780,5225
356782,5226
356785,5227
356792,5228
356793,5229
356795,5230
356807,5231
356811,5232
356825,5233
356832,5234
356840,5235
356842,5236
356846,5237
356849,5238
356857,5239
356918,5240
356936,5241
356940,5242
356951,5243
356967,5244
356969,5245
356972,5246
356975,5247
356981,5248
356982,5249
356984,5250
356989,5251
356991,5252
356992,5253
357000,5254
357005,5255
357008,5256
357022,5257
357036,5258
357048,5259
357052,5260
357055,5261
357057,5262
357065,5263
357072,5264
357079,5265
357087,5266
357097,5267
357103,5268
357106,5269
357118,5270
357123,5271
357149,5272
357150,5273
357156,5274
357169,5275
357177,5276
357189,5277
357206,5278
357218,5279
357265,5280
357304,5281
357305,5282
357307,5283
357320,5284
357336,5285
357342,5286
357345,5287
357348,5288
357360,5289
357362,5290
357389,5291
357393,5292
357425,5293
357440,5294
357442,5295
357448,5296
357452,5297
357453,5298
357459,5299
357474,5300
357480,5301
357484,5302
357507,5303
357535,5304
357547,5305
357552,5306
357565,5307
357583,5308
357597,5309
357603,5310
357625,5311
357633,5312
357644,5313
357651,5314
357668,5315
357674,5316
357679,5317
357695,5318
357702,5319
357704,5320
357709,5321
357711,5322
357718,5323
357721,5324
357726,5325
357727,5326
357731,5327
357733,5328
357736,5329
357753,5330
357754,5331
357787,5332
357789,5333
357796,5334
357801,5335
357804,5336
357812,5337
357823,5338
357838,5339
357842,5340
357844,5341
357863,5342
357873,5343
357876,5344
357883,5345
357901,5346
357905,5347
357914,5348
357917,5349
357920,5350
357943,5351
357973,5352
357979,5353
357980,5354
357998,5355
358001,5356
358019,5357
358022,5358
358033,5359
358042,5360
358045,5361
358064,5362
358071,5363
358072,5364
358099,5365
358105,5366
358107,5367
358140,5368
358142,5369
358149,5370
358154,5371
358159,5372
358160,5373
358183,5374
358200,5375
358238,5376
358247,5377
358251,5378
358262,5379
358283,5380
358301,5381
358307,5382
358309,5383
358312,5384
358320,5385
358327,5386
358400,5387
358407,5388
358413,5389
358414,5390
358421,5391
358437,5392
358458,5393
358460,5394
358466,5395
358470,5396
358482,5397
358490,5398
358495,5399
358510,5400
358513,5401
358535,5402
358541,5403
358548,5404
358549,5405
358554,5406
358563,5407
358582,5408
358674,5409
358716,5410
358718,5411
358727,5412
358737,5413
358739,5414
358755,5415
358762,5416
358765,5417
358770,5418
358777,5419
358778,5420
358784,5421
358795,5422
358799,5423
358810,5424
358812,5425
358813,5426
358814,5427
358815,5428
358851,5429
358853,5430
358854,5431
358857,5432
358865,5433
358866,5434
358867,5435
358880,5436
358896,5437
358903,5438
358904,5439
358931,5440
358939,5441
358953,5442
358965,5443
358966,5444
358983,5445
358994,5446
358997,5447
359000,5448
359013,5449
359022,5450
359025,5451
359045,5452
359049,5453
359070,5454
359077,5455
359095,5456
359096,5457
359100,5458
359128,5459
359131,5460
359151,5461
359160,5462
359170,5463
359171,5464
359206,5465
359211,5466
359216,5467
359224,5468
359225,5469
359233,5470
359245,5471
359258,5472
359292,5473
359295,5474
359297,5475
359300,5476
359319,5477
359337,5478
359339,5479
359345,5480
359361,5481
359370,5482
359380,5483
359382,5484
359385,5485
359393,5486
359398,5487
359423,5488
359424,5489
359434,5490
359484,5491
359485,5492
359488,5493
359490,5494
359505,5495
359506,5496
359507,5497
359512,5498
359518,5499
359531,5500
359539,5501
359549,5502
359550,5503
359552,5504
359557,5505
359575,5506
359579,5507
359581,5508
359583,5509
359606,5510
359621,5511
359645,5512
359663,5513
359664,5514
359665,5515
359668,5516
359675,5517
359680,5518
359688,5519
359691,5520
359693,5521
359698,5522
359707,5523
359719,5524
359727,5525
359729,5526
359778,5527
359782,5528
359783,5529
359787,5530
359795,5531
359799,5532
359802,5533
359804,5534
359818,5535
359829,5536
359837,5537
359859,5538
359864,5539
359871,5540
359890,5541
359904,5542
359910,5543
359925,5544
359939,5545
359940,5546
359956,5547
359976,5548
359988,5549
359991,5550
360002,5551
360020,5552
360021,5553
360035,5554
360060,5555
360076,5556
360108,5557
360112,5558
360124,5559
360129,5560
360133,5561
360141,5562
360147,5563
360154,5564
360165,5565
360170,5566
360210,5567
360214,5568
360215,5569
360217,5570
360231,5571
360242,5572
360255,5573
360266,5574
360268,5575
360270,5576
360280,5577
360290,5578
360293,5579
360296,5580
360299,5581
360305,5582
360316,5583
360317,5584
360329,5585
360372,5586
360411,5587
360425,5588
360437,5589
360441,5590
360473,5591
360475,5592
360483,5593
360485,5594
360488,5595
360492,5596
360493,5597
360498,5598
360500,5599
360522,5600
360525,5601
360526,5602
360532,5603
360540,5604
360541,5605
360561,5606
360569,5607
360576,5608
360577,5609
360593,5610
360608,5611
360626,5612
360635,5613
360638,5614
360642,5615
360645,5616
360664,5617
360671,5618
360676,5619
360683,5620
360687,5621
360697,5622
360715,5623
360762,5624
360764,5625
360777,5626
360782,5627
360797,5628
360798,5629
360806,5630
360817,5631
360821,5632
360850,5633
360869,5634
360871,5635
360874,5636
360876,5637
360882,5638
360905,5639
360922,5640
360938,5641
360939,5642
360985,5643
360988,5644
360992,5645
360997,5646
361009,5647
361010,5648
361032,5649
361042,5650
361043,5651
361048,5652
361057,5653
361060,5654
361064,5655
361066,5656
361083,5657
361084,5658
361087,5659
361092,5660
361095,5661
361107,5662
361110,5663
361120,5664
361138,5665
361140,5666
361141,5667
361162,5668
361180,5669
361186,5670
361199,5671
361206,5672
361207,5673
361209,5674
361238,5675
361272,5676
361285,5677
361287,5678
361306,5679
361310,5680
361331,5681
361337,5682
361338,5683
361355,5684
361363,5685
361366,5686
361373,5687
361400,5688
361405,5689
361418,5690
361423,5691
361433,5692
361458,5693
361471,5694
361475,5695
361483,5696
361499,5697
361512,5698
361522,5699
361524,5700
361540,5701
361544,5702
361547,5703
361557,5704
361562,5705
361595,5706
361596,5707
361599,5708
361601,5709
361603,5710
361625,5711
361626,5712
361636,5713
361658,5714
361664,5715
361666,5716
361669,5717
361711,5718
361721,5719
361725,5720
361735,5721
361746,5722
361761,5723
361765,5724
361770,5725
361777,5726
361795,5727
361803,5728
361813,5729
361818,5730
361834,5731
361850,5732
361855,5733
361860,5734
361867,5735
361883,5736
361892,5737
361894,5738
361895,5739
361900,5740
361914,5741
361917,5742
361918,5743
361927,5744
361930,5745
361932,5746
361943,5747
361949,5748
361965,5749
361982,5750
361993,5751
362014,5752
362027,5753
362049,5754
362058,5755
362068,5756
362071,5757
362080,5758
362082,5759
362085,5760
362092,5761
362095,5762
362108,5763
362109,5764
362110,5765
362111,5766
362115,5767
362116,5768
362121,5769
362123,5770
362125,5771
362131,5772
362135,5773
362139,5774
362144,5775
362146,5776
362153,5777
362160,5778
362179,5779
362195,5780
362205,5781
362207,5782
362208,5783
362217,5784
362235,5785
362273,5786
362285,5787
362287,5788
362298,5789
362299,5790
362306,5791
362314,5792
362334,5793
362340,5794
362352,5795
362361,5796
362372,5797
362381,5798
362399,5799
362401,5800
362409,5801
362413,5802
362424,5803
362441,5804
362444,5805
362446,5806
362463,5807
362469,5808
362485,5809
362524,5810
362532,5811
362547,5812
362550,5813
362551,5814
362555,5815
362566,5816
362570,5817
362574,5818
362576,5819
362578,5820
362592,5821
362601,5822
362618,5823
362649,5824
362656,5825
362680,5826
362687,5827
362688,5828
362702,5829
362711,5830
362728,5831
362730,5832
362751,5833
362768,5834
362774,5835
362795,5836
362817,5837
362820,5838
362824,5839
362836,5840
362870,5841
362873,5842
362888,5843
362900,5844
362924,5845
362931,5846
362942,5847
362948,5848
362962,5849
362987,5850
362994,5851
363017,5852
363018,5853
363023,5854
363031,5855
363046,5856
363054,5857
363064,5858
363071,5859
363079,5860
363089,5861
363092,5862
363123,5863
363124,5864
363142,5865
363161,5866
363191,5867
363193,5868
363205,5869
363216,5870
363228,5871
363275,5872
363308,5873
363314,5874
363318,5875
363322,5876
363329,5877
363339,5878
363360,5879
363377,5880
363384,5881
363391,5882
363397,5883
363398,5884
363400,5885
363419,5886
363431,5887
363436,5888
363452,5889
363458,5890
363500,5891
363506,5892
363516,5893
363520,5894
363524,5895
363583,5896
363590,5897
363591,5898
363596,5899
363603,5900
363614,5901
363616,5902
363640,5903
363641,5904
363642,5905
363645,5906
363661,5907
363667,5908
363689,5909
363694,5910
363714,5911
363727,5912
363745,5913
363746,5914
363753,5915
363773,5916
363779,5917
363787,5918
363794,5919
363804,5920
363809,5921
363824,5922
363827,5923
363832,5924
363836,5925
363869,5926
363895,5927
363921,5928
363929,5929
363944,5930
363970,5931
363972,5932
363973,5933
363984,5934
363999,5935
364003,5936
364008,5937
364016,5938
364028,5939
364080,5940
364114,5941
364119,5942
364140,5943
364150,5944
364190,5945
364193,5946
364210,5947
364212,5948
364240,5949
364249,5950
364261,5951
364263,5952
364270,5953
364277,5954
364289,5955
364293,5956
364298,5957
364320,5958
364349,5959
364361,5960
364379,5961
364397,5962
364398,5963
364403,5964
364412,5965
364448,5966
364449,5967
364464,5968
364486,5969
364519,5970
364526,5971
364543,5972
364578,5973
364579,5974
364585,5975
364595,5976
364597,5977
364603,5978
364613,5979
364627,5980
364635,5981
364639,5982
364649,5983
364683,5984
364685,5985
364691,5986
364699,5987
364711,5988
364721,5989
364742,5990
364749,5991
364765,5992
364782,5993
364794,5994
364801,5995
364802,5996
364805,5997
364813,5998
364831,5999
364864,6000
364870,6001
364883,6002
364886,6003
364898,6004
364902,6005
364929,6006
364935,6007
364946,6008
364956,6009
364976,6010
364986,6011
364995,6012
365007,6013
365016,6014
365024,6015
365042,6016
365048,6017
365071,6018
365076,6019
365080,6020
365081,6021
365107,6022
365116,6023
365130,6024
365131,6025
365145,6026
365159,6027
365160,6028
365162,6029
365174,6030
365188,6031
365198,6032
365201,6033
365227,6034
365230,6035
365255,6036
365272,6037
365280,6038
365295,6039
365380,6040
365388,6041
365401,6042
365411,6043
365413,6044
365426,6045
365435,6046
365441,6047
365458,6048
365462,6049
365465,6050
365473,6051
365492,6052
365505,6053
365529,6054
365530,6055
365596,6056
365601,6057
365606,6058
365625,6059
365643,6060
365663,6061
365678,6062
365682,6063
365686,6064
365693,6065
365694,6066
365714,6067
365730,6068
365745,6069
365756,6070
365757,6071
365770,6072
365773,6073
365782,6074
365806,6075
365807,6076
365811,6077
365817,6078
365840,6079
365844,6080
365851,6081
365858,6082
365883,6083
365891,6084
365908,6085
365931,6086
365944,6087
365950,6088
365962,6089
365963,6090
366007,6091
366024,6092
366070,6093
366091,6094
366098,6095
366109,6096
366118,6097
366135,6098
366144,6099
366153,6100
366156,6101
366179,6102
366182,6103
366208,6104
366233,6105
366237,6106
366246,6107
366265,6108
366267,6109
366275,6110
366280,6111
366288,6112
366299,6113
366306,6114
366326,6115
366347,6116
366390,6117
366395,6118
366404,6119
366410,6120
366413,6121
366416,6122
366452,6123
366465,6124
366475,6125
366487,6126
366506,6127
366509,6128
366519,6129
366525,6130
366563,6131
366565,6132
366617,6133
366641,6134
366654,6135
366679,6136
366746,6137
366757,6138
366783,6139
366797,6140
366819,6141
366828,6142
366863,6143
366876,6144
366886,6145
366898,6146
366915,6147
366927,6148
366936,6149
366939,6150
366997,6151
366998,6152
366999,6153
367001,6154
367022,6155
367028,6156
367029,6157
367030,6158
367038,6159
367049,6160
367050,6161
367064,6162
367069,6163
367102,6164
367104,6165
367123,6166
367154,6167
367185,6168
367196,6169
367197,6170
367208,6171
367230,6172
367239,6173
367263,6174
367265,6175
367284,6176
367299,6177
367312,6178
367318,6179
367343,6180
367355,6181
367384,6182
367398,6183
367440,6184
367459,6185
367462,6186
367476,6187
367498,6188
367545,6189
367590,6190
367608,6191
367615,6192
367623,6193
367629,6194
367644,6195
367691,6196
367714,6197
367715,6198
367739,6199
367743,6200
367747,6201
367762,6202
367770,6203
367787,6204
367797,6205
367806,6206
367817,6207
367830,6208
367835,6209
367841,6210
367848,6211
367851,6212
367872,6213
367878,6214
367879,6215
367888,6216
367890,6217
367891,6218
367893,6219
367900,6220
367910,6221
367942,6222
367967,6223
367992,6224
368017,6225
368022,6226
368030,6227
368066,6228
368079,6229
368100,6230
368119,6231
368127,6232
368166,6233
368190,6234
368215,6235
368237,6236
368244,6237
368245,6238
368314,6239
368318,6240
368320,6241
368341,6242
368362,6243
368389,6244
368397,6245
368411,6246
368450,6247
368452,6248
368458,6249
368459,6250
368503,6251
368516,6252
368538,6253
368547,6254
368572,6255
368589,6256
368605,6257
368612,6258
368632,6259
368646,6260
368648,6261
368664,6262
368683,6263
368698,6264
368716,6265
368727,6266
368759,6267
368767,6268
368793,6269
368799,6270
368801,6271
368818,6272
368831,6273
368835,6274
368856,6275
368868,6276
368872,6277
368887,6278
368908,6279
368920,6280
368952,6281
368965,6282
368970,6283
368981,6284
368982,6285
368984,6286
368994,6287
369017,6288
369038,6289
369042,6290
369045,6291
369055,6292
369075,6293
369080,6294
369099,6295
369127,6296
369129,6297
369131,6298
369134,6299
369145,6300
369154,6301
369162,6302
369176,6303
369192,6304
369198,6305
369213,6306
369217,6307
369270,6308
369274,6309
369286,6310
369293,6311
369299,6312
369317,6313
369320,6314
369325,6315
369328,6316
369349,6317
369371,6318
369372,6319
369373,6320
369375,6321
369390,6322
369399,6323
369400,6324
369411,6325
369424,6326
369431,6327
369453,6328
369456,6329
369461,6330
369473,6331
369538,6332
369547,6333
369592,6334
369599,6335
369604,6336
369614,6337
369618,6338
369647,6339
369674,6340
369677,6341
369682,6342
369689,6343
369703,6344
369757,6345
369774,6346
369786,6347
369810,6348
369814,6349
369820,6350
369822,6351
369855,6352
369857,6353
369887,6354
369899,6355
369907,6356
369915,6357
369927,6358
369948,6359
369960,6360
369965,6361
369981,6362
370003,6363
370010,6364
370013,6365
370034,6366
370055,6367
370074,6368
370083,6369
370114,6370
370115,6371
370119,6372
370125,6373
370128,6374
370150,6375
370194,6376
370201,6377
370213,6378
370215,6379
370222,6380
370253,6381
370254,6382
370258,6383
370288,6384
370299,6385
370337,6386
370343,6387
370345,6388
370372,6389
370373,6390
370376,6391
370377,6392
370394,6393
370421,6394
370443,6395
370460,6396
370479,6397
370503,6398
370508,6399
370517,6400
370521,6401
370527,6402
370532,6403
370542,6404
370546,6405
370555,6406
370557,6407
370571,6408
370588,6409
370589,6410
370624,6411
370625,6412
370635,6413
370648,6414
370653,6415
370695,6416
370698,6417
370718,6418
370719,6419
370724,6420
370736,6421
370737,6422
370745,6423
370750,6424
370767,6425
370808,6426
370812,6427
370842,6428
370867,6429
370882,6430
370886,6431
370889,6432
370891,6433
370896,6434
370962,6435
370966,6436
370968,6437
370975,6438
370981,6439
370984,6440
371000,6441
371018,6442
371061,6443
371067,6444
371084,6445
371085,6446
371101,6447
371117,6448
371133,6449
371141,6450
371155,6451
371188,6452
371193,6453
371194,6454
371219,6455
371230,6456
371233,6457
371253,6458
371267,6459
371278,6460
371307,6461
371321,6462
371336,6463
371341,6464
371345,6465
371348,6466
371362,6467
371393,6468
371398,6469
371408,6470
371419,6471
371425,6472
371434,6473
371451,6474
371472,6475
371483,6476
371514,6477
371517,6478
371532,6479
371554,6480
371607,6481
371638,6482
371661,6483
371710,6484
371711,6485
371729,6486
371770,6487
371790,6488
371798,6489
371800,6490
371802,6491
371811,6492
371813,6493
371846,6494
371858,6495
371870,6496
371875,6497
371897,6498
371923,6499
371985,6500
371994,6501
372023,6502
372035,6503
372042,6504
372112,6505
372127,6506
372136,6507
372139,6508
372155,6509
372160,6510
372170,6511
372191,6512
372193,6513
372199,6514
372206,6515
372221,6516
372286,6517
372295,6518
372313,6519
372351,6520
372390,6521
372459,6522
372482,6523
372512,6524
372689,6525
372724,6526
372924,6527
373073,6528
373215,6529
373244,6530
373277,6531
373301,6532
373304,6533
373312,6534
373325,6535
373328,6536
373331,6537
373347,6538
373364,6539
373370,6540
373413,6541
373420,6542
373450,6543
373474,6544
373477,6545
373489,6546
373539,6547
373565,6548
373570,6549
373574,6550
373594,6551
373600,6552
373627,6553
373640,6554
373647,6555
373669,6556
373674,6557
373684,6558
373696,6559
373700,6560
373772,6561
373783,6562
373905,6563
373948,6564
374037,6565
374045,6566
374069,6567
374135,6568
374152,6569
374183,6570
374205,6571
374212,6572
374218,6573
374234,6574
374280,6575
374309,6576
374332,6577
374353,6578
374354,6579
374424,6580
374447,6581
374455,6582
374490,6583
374507,6584
374529,6585
374552,6586
374565,6587
375066,6588
375073,6589
375081,6590
375086,6591
375147,6592
375238,6593
375428,6594
375429,6595
375593,6596
375616,6597
375632,6598
375639,6599
375653,6600
375678,6601
375682,6602
375711,6603
375717,6604
375770,6605
375777,6606
375783,6607
375809,6608
375821,6609
375829,6610
375836,6611
375844,6612
375855,6613
375857,6614
375863,6615
375873,6616
375881,6617
375892,6618
375899,6619
375951,6620
375978,6621
375986,6622
376007,6623
376024,6624
376048,6625
376055,6626
376097,6627
376132,6628
376142,6629
376154,6630
376184,6631
376188,6632
376197,6633
376213,6634
376268,6635
376269,6636
376272,6637
376287,6638
376293,6639
376303,6640
376306,6641
376317,6642
376337,6643
376345,6644
376349,6645
376352,6646
376367,6647
376384,6648
376410,6649
376417,6650
376432,6651
376436,6652
376440,6653
376453,6654
376472,6655
376475,6656
376500,6657
376506,6658
376534,6659
376543,6660
376544,6661
376553,6662
376565,6663
376582,6664
376609,6665
376611,6666
376623,6667
376652,6668
376658,6669
376678,6670
376686,6671
376753,6672
376765,6673
376767,6674
376776,6675
376786,6676
376792,6677
376800,6678
376808,6679
376823,6680
376827,6681
376840,6682
376848,6683
376865,6684
376886,6685
376889,6686
376899,6687
376919,6688
376921,6689
376930,6690
376943,6691
376945,6692
376952,6693
376955,6694
377003,6695
377015,6696
377036,6697
377043,6698
377047,6699
377055,6700
377059,6701
377060,6702
377061,6703
377075,6704
377086,6705
377148,6706
377170,6707
377176,6708
377195,6709
377197,6710
377218,6711
377224,6712
377233,6713
377245,6714
377262,6715
377265,6716
377275,6717
377280,6718
377296,6719
377298,6720
377303,6721
377311,6722
377357,6723
377372,6724
377374,6725
377381,6726
377390,6727
377401,6728
377416,6729
377428,6730
377446,6731
377456,6732
377486,6733
377490,6734
377492,6735
377494,6736
377508,6737
377520,6738
377536,6739
377546,6740
377549,6741
377570,6742
377617,6743
377633,6744
377665,6745
377668,6746
377681,6747
377696,6748
377700,6749
377725,6750
377735,6751
377747,6752
377769,6753
377771,6754
377783,6755
377789,6756
377797,6757
377807,6758
377814,6759
377833,6760
377840,6761
377854,6762
377862,6763
377867,6764
377900,6765
377914,6766
377936,6767
377944,6768
377948,6769
377954,6770
377958,6771
377969,6772
377971,6773
378015,6774
378040,6775
378058,6776
378067,6777
378074,6778
378089,6779
378119,6780
378131,6781
378145,6782
378163,6783
378165,6784
378167,6785
378191,6786
378193,6787
378198,6788
378199,6789
378207,6790
378248,6791
378260,6792
378275,6793
378284,6794
378288,6795
378289,6796
378295,6797
378306,6798
378310,6799
378313,6800
378323,6801
378326,6802
378338,6803
378350,6804
378359,6805
378360,6806
378364,6807
378367,6808
378368,6809
378394,6810
378400,6811
378402,6812
378405,6813
378416,6814
378431,6815
378483,6816
378485,6817
378487,6818
378488,6819
378504,6820
378505,6821
378517,6822
378557,6823
378570,6824
378577,6825
378588,6826
378611,6827
378687,6828
378690,6829
378699,6830
378712,6831
378721,6832
378725,6833
378731,6834
378733,6835
378736,6836
378743,6837
378757,6838
378782,6839
378786,6840
378792,6841
378812,6842
378830,6843
378845,6844
378854,6845
378856,6846
378857,6847
378877,6848
378887,6849
378897,6850
378912,6851
378914,6852
378917,6853
378935,6854
378957,6855
378958,6856
378965,6857
378974,6858
378992,6859
379038,6860
379042,6861
379047,6862
379097,6863
379098,6864
379111,6865
379133,6866
379138,6867
379140,6868
379156,6869
379176,6870
379183,6871
379201,6872
379208,6873
379218,6874
379226,6875
379263,6876
379267,6877
379282,6878
379290,6879
379310,6880
379326,6881
379330,6882
379339,6883
379350,6884
379353,6885
379364,6886
379366,6887
379377,6888
379396,6889
379430,6890
379438,6891
379472,6892
379500,6893
379503,6894
379506,6895
379512,6896
379602,6897
379612,6898
379616,6899
379619,6900
379621,6901
379643,6902
379654,6903
379658,6904
379678,6905
379680,6906
379683,6907
379691,6908
379696,6909
379709,6910
379721,6911
379739,6912
379802,6913
379808,6914
379823,6915
379839,6916
379841,6917
379842,6918
379845,6919
379847,6920
379865,6921
379869,6922
379891,6923
379895,6924
379901,6925
379915,6926
379931,6927
379934,6928
379946,6929
379997,6930
379999,6931
380008,6932
380024,6933
380033,6934
380044,6935
380071,6936
380073,6937
380087,6938
380093,6939
380116,6940
380150,6941
380155,6942
380174,6943
380178,6944
380185,6945
380241,6946
380247,6947
380252,6948
380256,6949
380308,6950
380321,6951
380322,6952
380334,6953
380336,6954
380349,6955
380352,6956
380353,6957
380365,6958
380367,6959
380378,6960
380401,6961
380413,6962
380421,6963
380432,6964
380442,6965
380450,6966
380453,6967
380460,6968
380466,6969
380524,6970
380530,6971
380557,6972
380559,6973
380598,6974
380638,6975
380646,6976
380659,6977
380666,6978
380676,6979
380690,6980
380692,6981
380697,6982
380702,6983
380718,6984
380734,6985
380746,6986
380759,6987
380779,6988
380785,6989
380793,6990
380794,6991
380837,6992
380855,6993
380856,6994
380876,6995
380878,6996
380880,6997
380904,6998
380911,6999
380921,7000
380942,7001
380948,7002
380958,7003
380982,7004
381026,7005
381034,7006
381036,7007
381047,7008
381057,7009
381058,7010
381070,7011
381097,7012
381098,7013
381104,7014
381129,7015
381148,7016
381185,7017
381206,7018
381213,7019
381214,7020
381216,7021
381220,7022
381237,7023
381293,7024
381302,7025
381333,7026
381339,7027
381340,7028
381377,7029
381382,7030
381429,7031
381430,7032
381448,7033
381461,7034
381480,7035
381492,7036
381498,7037
381504,7038
381531,7039
381549,7040
381553,7041
381577,7042
381588,7043
381652,7044
381698,7045
381699,7046
381736,7047
381740,7048
381775,7049
381785,7050
381823,7051
381840,7052
381859,7053
381911,7054
381949,7055
381968,7056
381970,7057
381981,7058
381984,7059
382004,7060
382015,7061
382021,7062
382026,7063
382163,7064
382177,7065
382204,7066
382250,7067
382274,7068
382327,7069
382328,7070
382334,7071
382341,7072
382390,7073
382434,7074
382485,7075
382508,7076
382511,7077
382518,7078
382595,7079
382646,7080
382697,7081
382707,7082
382708,7083
382717,7084
382767,7085
382800,7086
382805,7087
382828,7088
382895,7089
383003,7090
383044,7091
383059,7092
383067,7093
383096,7094
383115,7095
383185,7096
383199,7097
383274,7098
383295,7099
383303,7100
383333,7101
383364,7102
383392,7103
383563,7104
383594,7105
383599,7106
383611,7107
383690,7108
383710,7109
383820,7110
383840,7111
383851,7112
383866,7113
383911,7114
383938,7115
383949,7116
383986,7117
383996,7118
384048,7119
384084,7120
384092,7121
384109,7122
384115,7123
384160,7124
384164,7125
384169,7126
384179,7127
384182,7128
384183,7129
384193,7130
384211,7131
384214,7132
384222,7133
384259,7134
384273,7135
384290,7136
384302,7137
384330,7138
384347,7139
384359,7140
384364,7141
384371,7142
384387,7143
384398,7144
384400,7145
384408,7146
384477,7147
384484,7148
384490,7149
384491,7150
384515,7151
384517,7152
384537,7153
384564,7154
384570,7155
384573,7156
384582,7157
384588,7158
384610,7159
384621,7160
384625,7161
384638,7162
384651,7163
384653,7164
384744,7165
384763,7166
384766,7167
384770,7168
384849,7169
384886,7170
384899,7171
384924,7172
384949,7173
384952,7174
384966,7175
384999,7176
385006,7177
385021,7178
385025,7179
385035,7180
385080,7181
385089,7182
385096,7183
385158,7184
385205,7185
385207,7186
385215,7187
385216,7188
385235,7189
385269,7190
385285,7191
385334,7192
385347,7193
385361,7194
385385,7195
385410,7196
385415,7197
385443,7198
385450,7199
385451,7200
385477,7201
385479,7202
385510,7203
385519,7204
385523,7205
385545,7206
385571,7207
385579,7208
385610,7209
385632,7210
385675,7211
385684,7212
385722,7213
385725,7214
385741,7215
385746,7216
385749,7217
385751,7218
385757,7219
385808,7220
385823,7221
385828,7222
385834,7223
385848,7224
385852,7225
385905,7226
385927,7227
385958,7228
385995,7229
386023,7230
386041,7231
386043,7232
386096,7233
386104,7234
386118,7235
386125,7236
386135,7237
386143,7238
386156,7239
386181,7240
386213,7241
386226,7242
386227,7243
386229,7244
386264,7245
386277,7246
386280,7247
386284,7248
386289,7249
386306,7250
386331,7251
386378,7252
386380,7253
386414,7254
386419,7255
386433,7256
386452,7257
386456,7258
386458,7259
386488,7260
386520,7261
386531,7262
386543,7263
386559,7264
386597,7265
386636,7266
386651,7267
386710,7268
386717,7269
386738,7270
386759,7271
386764,7272
386772,7273
386787,7274
386807,7275
386830,7276
386857,7277
386862,7278
386869,7279
386880,7280
386881,7281
386894,7282
386896,7283
386918,7284
386921,7285
386935,7286
386992,7287
387006,7288
387007,7289
387046,7290
387050,7291
387100,7292
387122,7293
387123,7294
387146,7295
387170,7296
387180,7297
387185,7298
387211,7299
387219,7300
387229,7301
387239,7302
387246,7303
387261,7304
387262,7305
387266,7306
387282,7307
387286,7308
387292,7309
387334,7310
387356,7311
387362,7312
387380,7313
387393,7314
387471,7315
387498,7316
387549,7317
387593,7318
387641,7319
387654,7320
387662,7321
387694,7322
387699,7323
387757,7324
387822,7325
387882,7326
387941,7327
387996,7328
388107,7329
388183,7330
388337,7331
388510,7332
388552,7333
388566,7334
388620,7335
388631,7336
388638,7337
388658,7338
388713,7339
388723,7340
388731,7341
388792,7342
388806,7343
388825,7344
388895,7345
388909,7346
388910,7347
388920,7348
389009,7349
389026,7350
389060,7351
389103,7352
389140,7353
389168,7354
389175,7355
389176,7356
389182,7357
389241,7358
389252,7359
389277,7360
389297,7361
389300,7362
389326,7363
389351,7364
389381,7365
389383,7366
389395,7367
389399,7368
389414,7369
389427,7370
389445,7371
389513,7372
389588,7373
389631,7374
389649,7375
389709,7376
389714,7377
389787,7378
389900,7379
389913,7380
389948,7381
390011,7382
390070,7383
390158,7384
390232,7385
390265,7386
390394,7387
390407,7388
390475,7389
390535,7390
390625,7391
390630,7392
390637,7393
390722,7394
390783,7395
390784,7396
390932,7397
390941,7398
391121,7399
391167,7400
391211,7401
391249,7402
391269,7403
391311,7404
391481,7405
391490,7406
391583,7407
391592,7408
391596,7409
391601,7410
391669,7411
391723,7412
391739,7413
391788,7414
391826,7415
391942,7416
392025,7417
392065,7418
392066,7419
392105,7420
392147,7421
392197,7422
392270,7423
392318,7424
392330,7425
392371,7426
392395,7427
392411,7428
392511,7429
392549,7430
392678,7431
392762,7432
392767,7433
392782,7434
392812,7435
392828,7436
392906,7437
393066,7438
393097,7439
393098,7440
393139,7441
393183,7442
393275,7443
393312,7444
393313,7445
393316,7446
393388,7447
393417,7448
393453,7449
393511,7450
393541,7451
393557,7452
393566,7453
393596,7454
393667,7455
393776,7456
393785,7457
393840,7458
393922,7459
393963,7460
393978,7461
394049,7462
394071,7463
394163,7464
394316,7465
394496,7466
394510,7467
394546,7468
394624,7469
394720,7470
394751,7471
394757,7472
394770,7473
394842,7474
394936,7475
394954,7476
395204,7477
395232,7478
395249,7479
395281,7480
395461,7481
395473,7482
395474,7483
395535,7484
395538,7485
395708,7486
395723,7487
395772,7488
395983,7489
396160,7490
396225,7491
396301,7492
396308,7493
396330,7494
396345,7495
396441,7496
396445,7497
396628,7498
396688,7499
396722,7500
396749,7501
396843,7502
396954,7503
396995,7504
397082,7505
397103,7506
397157,7507
397239,7508
397249,7509
397259,7510
397261,7511
397269,7512
397297,7513
397394,7514
397402,7515
397441,7516
397459,7517
397552,7518
397566,7519
397598,7520
397881,7521
397908,7522
397925,7523
397927,7524
398064,7525
398076,7526
398083,7527
398131,7528
398181,7529
398211,7530
398342,7531
398350,7532
398495,7533
398502,7534
398523,7535
398559,7536
398560,7537
398568,7538
398632,7539
398725,7540
398736,7541
398803,7542
398880,7543
398882,7544
398890,7545
399136,7546
399168,7547
399208,7548
399259,7549
399376,7550
399392,7551
399403,7552
399457,7553
399511,7554
399518,7555
399588,7556
399709,7557
399745,7558
399751,7559
399805,7560
399851,7561
399862,7562
399888,7563
400010,7564
400046,7565
400057,7566
400099,7567
400101,7568
400113,7569
400142,7570
400312,7571
400376,7572
400459,7573
400482,7574
400500,7575
400513,7576
400646,7577
400717,7578
400870,7579
400882,7580
400887,7581
400894,7582
400908,7583
401010,7584
401112,7585
401115,7586
401145,7587
401191,7588
401277,7589
401303,7590
401435,7591
401437,7592
401445,7593
401502,7594
401508,7595
401513,7596
401514,7597
401564,7598
401596,7599
401642,7600
401645,7601
401678,7602
401720,7603
401749,7604
401764,7605
401770,7606
401831,7607
401878,7608
401888,7609
401946,7610
401980,7611
402038,7612
402060,7613
402084,7614
402152,7615
402301,7616
402457,7617
402460,7618
402510,7619
402515,7620
402527,7621
402576,7622
402584,7623
402653,7624
402756,7625
402758,7626
402849,7627
402855,7628
402861,7629
402935,7630
403039,7631
403077,7632
403172,7633
403208,7634
403210,7635
403304,7636
403310,7637
403323,7638
403343,7639
403362,7640
403396,7641
403397,7642
403400,7643
403453,7644
403465,7645
403524,7646
403614,7647
403644,7648
403649,7649
403681,7650
403768,7651
403802,7652
403937,7653
403982,7654
403987,7655
404074,7656
404079,7657
404092,7658
404122,7659
404131,7660
404190,7661
404203,7662
404220,7663
404232,7664
404251,7665
404381,7666
404503,7667
404658,7668
404705,7669
404843,7670
404854,7671
404911,7672
405068,7673
405202,7674
405222,7675
405252,7676
405289,7677
405330,7678
405338,7679
405388,7680
405405,7681
405423,7682
405453,7683
405456,7684
405573,7685
405574,7686
405620,7687
405635,7688
405674,7689
405738,7690
405841,7691
405890,7692
405899,7693
405926,7694
405963,7695
405965,7696
405969,7697
406012,7698
406050,7699
406052,7700
406157,7701
406162,7702
406220,7703
406229,7704
406261,7705
406293,7706
406463,7707
406478,7708
406541,7709
406549,7710
406577,7711
406773,7712
406861,7713
406970,7714
407039,7715
407112,7716
407118,7717
407182,7718
407193,7719
407301,7720
407336,7721
407442,7722
407546,7723
407552,7724
407586,7725
407592,7726
407613,7727
407763,7728
407818,7729
408146,7730
408204,7731
408288,7732
408342,7733
408410,7734
408411,7735
408617,7736
408910,7737
408979,7738
409007,7739
409126,7740
409131,7741
409231,7742
409279,7743
409346,7744
409378,7745
409382,7746
409463,7747
409544,7748
409555,7749
409581,7750
409594,7751
409666,7752
409667,7753
409738,7754
409832,7755
409906,7756
409924,7757
409952,7758
410042,7759
410083,7760
410216,7761
410242,7762
410269,7763
410294,7764
410309,7765
410339,7766
410396,7767
410402,7768
410409,7769
410452,7770
410470,7771
410481,7772
410552,7773
410584,7774
410689,7775
410715,7776
410734,7777
410758,7778
410759,7779
410798,7780
410811,7781
410815,7782
410833,7783
410862,7784
410943,7785
410992,7786
411010,7787
411012,7788
411070,7789
411073,7790
411197,7791
411256,7792
411355,7793
411418,7794
411439,7795
411471,7796
411532,7797
411613,7798
411770,7799
411821,7800
411822,7801
411825,7802
411831,7803
411848,7804
411909,7805
411960,7806
412064,7807
412130,7808
412237,7809
412302,7810
412324,7811
412461,7812
412566,7813
412708,7814
412733,7815
413017,7816
413029,7817
413035,7818
413150,7819
413156,7820
413196,7821
413405,7822
413507,7823
413572,7824
413575,7825
413606,7826
413625,7827
413720,7828
413861,7829
413929,7830
414055,7831
414109,7832
414147,7833
414178,7834
414202,7835
414236,7836
414237,7837
414253,7838
414287,7839
414302,7840
414303,7841
414359,7842
414378,7843
414390,7844
414398,7845
414517,7846
414635,7847
414644,7848
414657,7849
414670,7850
414721,7851
414851,7852
414856,7853
414906,7854
414920,7855
414982,7856
415034,7857
415049,7858
415078,7859
415090,7860
415203,7861
415243,7862
415299,7863
415433,7864
415434,7865
415436,7866
415454,7867
415556,7868
415579,7869
415743,7870
415769,7871
415823,7872
415836,7873
415941,7874
416002,7875
416040,7876
416066,7877
416097,7878
416193,7879
416249,7880
416255,7881
416269,7882
416289,7883
416293,7884
416330,7885
416338,7886
416387,7887
416418,7888
416429,7889
416508,7890
416515,7891
416523,7892
416534,7893
416558,7894
416561,7895
416606,7896
416658,7897
416683,7898
416706,7899
416739,7900
416750,7901
416787,7902
416797,7903
416799,7904
416951,7905
416959,7906
416996,7907
417038,7908
417052,7909
417061,7910
417078,7911
417128,7912
417138,7913
417142,7914
417171,7915
417175,7916
417207,7917
417222,7918
417229,7919
417235,7920
417291,7921
417335,7922
417402,7923
417404,7924
417451,7925
417464,7926
417498,7927
417510,7928
417548,7929
417569,7930
417602,7931
417610,7932
417626,7933
417677,7934
417686,7935
417748,7936
417763,7937
417764,7938
417864,7939
417898,7940
417901,7941
417919,7942
417955,7943
417963,7944
418001,7945
418008,7946
418037,7947
418082,7948
418112,7949
418194,7950
418232,7951
418268,7952
418401,7953
418438,7954
418491,7955
418525,7956
418529,7957
418563,7958
418647,7959
418648,7960
418668,7961
418669,7962
418695,7963
418735,7964
418748,7965
418751,7966
418754,7967
418823,7968
418960,7969
418994,7970
419005,7971
419060,7972
419081,7973
419087,7974
419088,7975
419124,7976
419126,7977
419153,7978
419184,7979
419185,7980
419243,7981
419260,7982
419270,7983
419279,7984
419313,7985
419325,7986
419371,7987
419378,7988
419395,7989
419411,7990
419412,7991
419413,7992
419425,7993
419465,7994
419503,7995
419545,7996
419599,7997
419619,7998
419652,7999
419665,8000
419692,8001
419740,8002
419765,8003
419782,8004
419786,8005
419803,8006
419879,8007
419881,8008
419923,8009
419970,8010
419975,8011
420037,8012
420076,8013
420091,8014
420168,8015
420176,8016
420180,8017
420182,8018
420194,8019
420211,8020
420213,8021
420269,8022
420294,8023
420295,8024
420298,8025
420311,8026
420321,8027
420357,8028
420384,8029
420449,8030
420477,8031
420484,8032
420525,8033
420588,8034
420608,8035
420616,8036
420617,8037
420641,8038
420714,8039
420840,8040
420875,8041
420919,8042
420927,8043
421172,8044
421180,8045
421185,8046
421280,8047
421326,8048
421339,8049
421377,8050
421380,8051
421405,8052
421491,8053
421544,8054
421566,8055
421592,8056
421710,8057
421725,8058
421736,8059
421801,8060
421861,8061
421863,8062
421915,8063
421926,8064
421965,8065
421985,8066
422037,8067
422176,8068
422188,8069
422354,8070
422375,8071
422435,8072
422533,8073
422591,8074
422607,8075
422626,8076
422793,8077
422834,8078
423067,8079
423099,8080
423190,8081
423276,8082
423399,8083
423505,8084
423541,8085
423563,8086
423602,8087
423660,8088
423665,8089
423674,8090
423822,8091
423897,8092
423933,8093
424007,8094
424123,8095
424183,8096
424226,8097
424495,8098
424501,8099
424544,8100
424565,8101
424571,8102
424630,8103
424655,8104
424725,8105
424757,8106
424798,8107
424827,8108
424838,8109
424846,8110
424870,8111
424896,8112
425031,8113
425048,8114
425107,8115
425130,8116
425133,8117
425261,8118
425394,8119
425556,8120
425561,8121
425634,8122
425658,8123
425759,8124
425786,8125
425809,8126
425824,8127
425864,8128
425915,8129
425961,8130
426083,8131
426119,8132
426120,8133
426191,8134
426237,8135
426271,8136
426455,8137
426503,8138
426548,8139
426632,8140
426638,8141
426654,8142
426786,8143
426909,8144
426983,8145
427004,8146
427018,8147
427123,8148
427211,8149
427223,8150
427342,8151
427401,8152
427407,8153
427421,8154
427424,8155
427550,8156
427552,8157
427562,8158
427687,8159
427695,8160
427772,8161
427793,8162
427888,8163
427900,8164
427926,8165
427985,8166
428056,8167
428085,8168
428182,8169
428184,8170
428263,8171
428281,8172
428338,8173
428340,8174
428343,8175
428417,8176
428426,8177
428489,8178
428564,8179
428585,8180
428619,8181
428657,8182
428756,8183
428787,8184
428845,8185
428924,8186
428968,8187
428982,8188
428994,8189
429015,8190
429089,8191
429148,8192
429150,8193
429200,8194
429283,8195
429309,8196
429323,8197
429344,8198
429367,8199
429374,8200
429633,8201
429707,8202
429744,8203
429754,8204
429824,8205
429900,8206
429931,8207
429986,8208
430025,8209
430075,8210
430100,8211
430236,8212
430237,8213
430242,8214
430269,8215
430282,8216
430338,8217
430344,8218
430432,8219
430493,8220
430656,8221
430684,8222
430690,8223
430711,8224
430886,8225
430919,8226
430950,8227
430955,8228
431010,8229
431012,8230
431076,8231
431186,8232
431240,8233
431284,8234
431376,8235
431391,8236
431418,8237
431445,8238
431512,8239
431603,8240
431607,8241
431759,8242
431800,8243
431813,8244
431814,8245
431822,8246
431876,8247
431926,8248
431983,8249
431984,8250
432016,8251
432119,8252
432279,8253
432305,8254
432481,8255
432511,8256
432561,8257
432568,8258
432692,8259
432695,8260
432743,8261
432770,8262
432816,8263
432973,8264
433071,8265
433102,8266
433112,8267
433126,8268
433157,8269
433208,8270
433209,8271
433277,8272
433343,8273
433427,8274
433459,8275
433528,8276
433623,8277
433664,8278
433666,8279
433760,8280
433761,8281
433847,8282
433919,8283
433967,8284
433999,8285
434024,8286
434056,8287
434103,8288
434241,8289
434359,8290
434442,8291
434480,8292
434511,8293
434516,8294
434614,8295
434717,8296
434995,8297
435096,8298
435189,8299
435210,8300
435300,8301
435365,8302
435389,8303
435412,8304
435460,8305
435466,8306
435509,8307
435565,8308
435582,8309
435585,8310
435619,8311
435637,8312
435648,8313
435712,8314
435770,8315
435777,8316
435790,8317
435835,8318
435844,8319
436005,8320
436049,8321
436152,8322
436318,8323
436423,8324
436455,8325
436585,8326
436607,8327
436621,8328
436679,8329
436682,8330
436691,8331
436713,8332
436714,8333
436786,8334
436812,8335
436848,8336
436864,8337
436926,8338
437073,8339
437082,8340
437188,8341
437256,8342
437271,8343
437360,8344
437532,8345
437550,8346
437621,8347
437737,8348
437738,8349
437849,8350
437872,8351
438040,8352
438071,8353
438085,8354
438204,8355
438248,8356
438262,8357
438264,8358
438273,8359
438293,8360
438406,8361
438455,8362
438465,8363
438468,8364
438483,8365
438553,8366
438574,8367
438677,8368
438689,8369
438748,8370
438804,8371
438886,8372
438993,8373
439020,8374
439056,8375
439244,8376
439427,8377
439467,8378
439479,8379
439689,8380
439768,8381
439800,8382
439937,8383
440005,8384
440077,8385
440125,8386
440185,8387
440222,8388
440273,8389
440288,8390
440329,8391
440396,8392
440428,8393
440440,8394
440464,8395
440502,8396
440556,8397
440689,8398
440704,8399
440826,8400
440847,8401
440864,8402
440905,8403
440915,8404
440945,8405
440984,8406
441000,8407
441032,8408
441039,8409
441158,8410
441214,8411
441235,8412
441369,8413
441434,8414
441543,8415
441726,8416
441755,8417
441765,8418
441786,8419
441828,8420
441875,8421
441913,8422
441929,8423
441954,8424
442008,8425
442050,8426
442060,8427
442129,8428
442157,8429
442224,8430
442291,8431
442397,8432
442400,8433
442460,8434
442464,8435
442477,8436
442478,8437
442521,8438
442573,8439
442600,8440
442658,8441
442682,8442
442688,8443
442699,8444
442736,8445
442756,8446
442788,8447
442795,8448
442973,8449
443017,8450
443021,8451
443113,8452
443130,8453
443194,8454
443204,8455
443216,8456
443246,8457
443256,8458
443291,8459
443411,8460
443459,8461
443475,8462
443631,8463
443795,8464
443827,8465
443900,8466
443965,8467
443988,8468
444029,8469
444156,8470
444198,8471
444201,8472
444271,8473
444357,8474
444408,8475
444411,8476
444425,8477
444433,8478
444533,8479
444565,8480
444688,8481
444743,8482
444788,8483
444810,8484
444839,8485
444935,8486
445001,8487
445122,8488
445162,8489
445175,8490
445306,8491
445408,8492
445492,8493
445508,8494
445626,8495
445675,8496
445725,8497
445768,8498
445806,8499
445831,8500
445868,8501
445905,8502
445920,8503
446007,8504
446039,8505
446054,8506
446058,8507
446100,8508
446242,8509
446271,8510
446280,8511
446479,8512
446485,8513
446576,8514
446688,8515
446828,8516
446917,8517
446955,8518
447001,8519
447006,8520
447057,8521
447091,8522
447297,8523
447378,8524
447488,8525
447537,8526
447730,8527
447731,8528
448012,8529
448054,8530
448059,8531
448073,8532
448165,8533
448182,8534
448219,8535
448220,8536
448310,8537
448419,8538
448598,8539
448665,8540
448696,8541
448998,8542
449026,8543
449038,8544
449089,8545
449241,8546
449328,8547
449381,8548
449396,8549
449404,8550
449428,8551
449535,8552
449629,8553
449716,8554
449751,8555
449756,8556
449795,8557
449884,8558
449960,8559
450040,8560
450281,8561
450310,8562
450385,8563
450436,8564
450482,8565
450524,8566
450527,8567
450540,8568
450565,8569
450567,8570
450607,8571
450731,8572
450742,8573
450749,8574
450832,8575
450842,8576
450856,8577
450857,8578
450864,8579
450873,8580
450909,8581
450962,8582
450969,8583
451080,8584
451129,8585
451162,8586
451172,8587
451188,8588
451206,8589
451211,8590
451261,8591
451263,8592
451291,8593
451300,8594
451406,8595
451506,8596
451712,8597
451828,8598
451866,8599
451962,8600
452007,8601
452037,8602
452120,8603
452123,8604
452126,8605
452181,8606
452280,8607
452414,8608
452454,8609
452522,8610
452535,8611
452634,8612
452746,8613
452762,8614
452763,8615
452773,8616
452786,8617
452793,8618
452796,8619
452871,8620
452877,8621
452885,8622
453015,8623
453076,8624
453095,8625
453129,8626
453177,8627
453302,8628
453307,8629
453508,8630
453704,8631
453793,8632
453801,8633
453858,8634
453969,8635
454038,8636
454062,8637
454071,8638
454229,8639
454303,8640
454341,8641
454545,8642
454623,8643
454852,8644
454919,8645
454945,8646
454973,8647
455041,8648
455047,8649
455064,8650
455068,8651
455114,8652
455169,8653
455215,8654
455229,8655
455308,8656
455434,8657
455507,8658
455566,8659
455785,8660
455813,8661
456019,8662
456218,8663
456226,8664
456242,8665
456337,8666
456477,8667
456609,8668
456782,8669
456851,8670
456908,8671
456920,8672
456974,8673
457016,8674
457168,8675
457180,8676
457205,8677
457206,8678
457230,8679
457243,8680
457408,8681
457411,8682
457421,8683
457513,8684
457539,8685
457625,8686
457703,8687
457715,8688
457723,8689
457728,8690
457733,8691
457810,8692
457870,8693
457991,8694
458162,8695
458290,8696
458355,8697
458537,8698
458663,8699
458954,8700
458977,8701
458986,8702
459451,8703
459533,8704
459551,8705
459566,8706
459615,8707
459626,8708
459799,8709
459943,8710
460070,8711
460348,8712
460437,8713
460475,8714
460683,8715
460871,8716
461269,8717
461324,8718
461382,8719
461433,8720
461784,8721
461830,8722
461947,8723
462099,8724
462106,8725
462116,8726
462154,8727
462337,8728
462468,8729
462521,8730
462647,8731
462729,8732
462835,8733
462945,8734
462963,8735
462980,8736
462998,8737
463013,8738
463058,8739
463069,8740
463092,8741
463151,8742
463154,8743
463245,8744
463334,8745
463361,8746
463379,8747
463533,8748
463559,8749
463650,8750
463653,8751
463778,8752
463784,8753
463842,8754
463939,8755
463978,8756
464006,8757
464030,8758
464036,8759
464050,8760
464087,8761
464145,8762
464215,8763
464317,8764
464342,8765
464359,8766
464391,8767
464443,8768
464512,8769
464522,8770
464535,8771
464814,8772
464849,8773
464893,8774
464932,8775
464955,8776
465075,8777
465099,8778
465213,8779
465419,8780
465500,8781
465589,8782
465630,8783
465676,8784
465776,8785
465894,8786
465992,8787
466009,8788
466010,8789
466022,8790
466111,8791
466121,8792
466134,8793
466214,8794
466259,8795
466298,8796
466363,8797
466664,8798
466680,8799
466690,8800
466718,8801
466775,8802
466818,8803
466845,8804
466937,8805
466967,8806
467141,8807
467176,8808
467290,8809
467423,8810
467494,8811
467556,8812
467579,8813
467600,8814
468002,8815
468032,8816
468086,8817
468236,8818
468304,8819
468308,8820
468312,8821
468348,8822
468376,8823
468411,8824
468424,8825
468425,8826
468592,8827
468633,8828
468723,8829
468785,8830
468897,8831
468969,8832
469011,8833
469049,8834
469240,8835
469315,8836
469394,8837
469413,8838
469759,8839
469863,8840
469880,8841
469958,8842
469981,8843
470123,8844
470142,8845
470152,8846
470185,8847
470259,8848
470262,8849
470538,8850
470555,8851
470652,8852
470801,8853
470879,8854
471000,8855
471191,8856
471418,8857
471454,8858
471455,8859
471457,8860
471477,8861
471493,8862
471536,8863
471604,8864
471683,8865
471700,8866
471735,8867
471851,8868
471896,8869
471921,8870
472445,8871
472469,8872
472474,8873
472546,8874
472619,8875
472836,8876
472847,8877
472914,8878
472929,8879
472998,8880
473036,8881
473159,8882
473172,8883
473361,8884
473381,8885
473391,8886
473469,8887
473623,8888
473665,8889
473980,8890
473990,8891
474032,8892
474253,8893
474412,8894
474456,8895
474529,8896
474534,8897
474560,8898
474725,8899
475168,8900
475216,8901
475344,8902
475473,8903
475489,8904
475700,8905
475727,8906
475845,8907
475915,8908
475939,8909
475986,8910
476117,8911
476119,8912
476145,8913
476228,8914
476295,8915
476312,8916
476369,8917
476603,8918
476672,8919
476746,8920
476948,8921
477141,8922
477213,8923
477341,8924
477352,8925
477455,8926
477502,8927
477509,8928
477538,8929
477548,8930
477567,8931
477572,8932
477602,8933
477613,8934
477627,8935
477639,8936
477707,8937
477713,8938
477716,8939
477725,8940
477760,8941
477792,8942
477817,8943
477868,8944
477922,8945
477973,8946
477999,8947
478059,8948
478061,8949
478070,8950
478104,8951
478187,8952
478212,8953
478220,8954
478253,8955
478255,8956
478257,8957
478303,8958
478305,8959
478396,8960
478458,8961
478473,8962
478474,8963
478479,8964
478501,8965
478557,8966
478561,8967
478568,8968
478589,8969
478600,8970
478609,8971
478683,8972
478721,8973
478754,8974
478766,8975
478771,8976
478783,8977
478887,8978
478892,8979
478927,8980
478931,8981
478942,8982
478982,8983
479071,8984
479097,8985
479106,8986
479113,8987
479134,8988
479207,8989
479216,8990
479261,8991
479326,8992
479494,8993
479518,8994
479606,8995
479608,8996
479617,8997
479667,8998
479669,8999
479708,9000
479716,9001
479719,9002
479773,9003
479860,9004
479861,9005
479870,9006
479889,9007
479904,9008
479919,9009
479964,9010
480004,9011
480053,9012
480091,9013
480132,9014
480157,9015
480186,9016
480240,9017
480270,9018
480291,9019
480301,9020
480314,9021
480316,9022
480322,9023
480332,9024
480364,9025
480428,9026
480439,9027
480484,9028
480538,9029
480549,9030
480573,9031
480703,9032
480707,9033
480715,9034
480722,9035
480740,9036
480791,9037
480798,9038
480821,9039
480826,9040
480836,9041
480853,9042
480884,9043
480916,9044
480966,9045
480986,9046
480987,9047
480991,9048
481012,9049
481038,9050
481046,9051
481096,9052
481109,9053
481184,9054
481249,9055
481314,9056
481450,9057
481554,9058
481559,9059
481575,9060
481625,9061
481646,9062
481721,9063
481728,9064
481750,9065
481762,9066
481841,9067
481842,9068
481848,9069
481854,9070
481862,9071
481886,9072
481893,9073
481912,9074
481917,9075
481956,9076
482027,9077
482075,9078
482093,9079
482169,9080
482218,9081
482228,9082
482232,9083
482241,9084
482245,9085
482259,9086
482264,9087
482285,9088
482304,9089
482313,9090
482335,9091
482345,9092
482431,9093
482437,9094
482442,9095
482445,9096
482457,9097
482486,9098
482502,9099
482523,9100
482538,9101
482546,9102
482568,9103
482620,9104
482639,9105
482647,9106
482657,9107
482732,9108
482753,9109
482773,9110
482826,9111
482841,9112
483001,9113
483005,9114
483059,9115
483185,9116
483228,9117
483236,9118
483254,9119
483276,9120
483283,9121
483300,9122
483313,9123
483345,9124
483364,9125
483386,9126
483403,9127
483408,9128
483430,9129
483453,9130
483486,9131
483489,9132
483494,9133
483523,9134
483552,9135
483570,9136
483619,9137
483621,9138
483637,9139
483721,9140
483757,9141
483781,9142
483811,9143
483825,9144
483842,9145
483872,9146
483921,9147
483936,9148
483989,9149
484060,9150
484095,9151
484121,9152
484237,9153
484343,9154
484398,9155
484403,9156
484443,9157
484472,9158
484525,9159
484601,9160
484609,9161
484634,9162
484638,9163
484640,9164
484644,9165
484687,9166
484689,9167
484710,9168
484713,9169
484715,9170
484732,9171
484803,9172
484804,9173
484810,9174
484824,9175
484855,9176
484903,9177
484998,9178
485117,9179
485401,9180
485478,9181
485513,9182
485525,9183
485659,9184
486357,9185
486361,9186
486540,9187
486574,9188
486676,9189
486725,9190
486891,9191
486901,9192
487041,9193
487358,9194
487363,9195
487365,9196
487444,9197
487693,9198
487785,9199
487971,9200
488422,9201
488437,9202
488481,9203
488642,9204
488668,9205
488838,9206
489123,9207
489189,9208
489282,9209
489407,9210
489442,9211
489674,9212
489675,9213
489784,9214
489829,9215
489910,9216
490107,9217
490116,9218
490225,9219
490491,9220
490744,9221
490767,9222
490806,9223
490842,9224
490940,9225
491014,9226
491215,9227
491316,9228
491507,9229
491537,9230
491651,9231
491657,9232
491742,9233
491830,9234
491865,9235
491941,9236
492001,9237
492024,9238
492260,9239
492441,9240
493102,9241
493153,9242
493218,9243
493232,9244
493252,9245
493302,9246
493382,9247
493467,9248
493515,9249
493536,9250
493555,9251
493560,9252
493594,9253
493623,9254
493664,9255
493688,9256
493712,9257
493716,9258
493728,9259
493823,9260
493900,9261
493946,9262
493985,9263
494009,9264
494017,9265
494040,9266
494051,9267
494125,9268
494136,9269
494175,9270
494277,9271
494321,9272
494352,9273
494360,9274
494480,9275
494538,9276
494576,9277
494609,9278
494664,9279
494686,9280
494708,9281
494883,9282
494965,9283
495128,9284
495203,9285
495214,9286
495247,9287
495273,9288
495332,9289
495360,9290
495385,9291
495413,9292
495530,9293
495537,9294
495563,9295
495612,9296
495710,9297
495750,9298
495860,9299
495909,9300
495951,9301
495965,9302
495988,9303
496007,9304
496114,9305
496129,9306
496168,9307
496184,9308
496241,9309
496301,9310
496394,9311
496414,9312
496422,9313
496494,9314
496496,9315
496564,9316
496577,9317
496593,9318
496597,9319
496625,9320
496695,9321
496699,9322
496731,9323
496779,9324
496793,9325
496813,9326
496842,9327
496848,9328
496939,9329
496954,9330
497004,9331
497008,9332
497069,9333
497070,9334
497104,9335
497110,9336
497160,9337
497185,9338
497217,9339
497221,9340
497230,9341
497249,9342
497260,9343
497280,9344
497290,9345
497308,9346
497382,9347
497401,9348
497402,9349
497406,9350
497413,9351
497422,9352
497423,9353
497474,9354
497482,9355
497532,9356
497569,9357
497587,9358
497588,9359
497590,9360
497594,9361
497641,9362
497653,9363
497691,9364
497733,9365
497737,9366
497744,9367
497777,9368
497784,9369
497806,9370
497896,9371
497910,9372
497931,9373
497948,9374
497968,9375
498019,9376
498083,9377
498116,9378
498132,9379
498136,9380
498190,9381
498246,9382
498255,9383
498260,9384
498282,9385
498336,9386
498358,9387
498362,9388
498374,9389
498382,9390
498402,9391
498441,9392
498469,9393
498476,9394
498512,9395
498577,9396
498587,9397
498596,9398
498603,9399
498610,9400
498616,9401
498622,9402
498627,9403
498630,9404
498656,9405
498665,9406
498671,9407
498715,9408
498786,9409
498803,9410
498852,9411
498853,9412
498864,9413
498879,9414
498881,9415
498905,9416
498934,9417
498939,9418
498994,9419
498999,9420
499020,9421
499021,9422
499058,9423
499067,9424
499069,9425
499089,9426
499121,9427
499131,9428
499199,9429
499300,9430
499371,9431
499406,9432
499465,9433
499466,9434
499522,9435
499593,9436
499655,9437
499695,9438
499786,9439
499883,9440
499935,9441
500034,9442
500094,9443
500193,9444
500220,9445
500237,9446
500339,9447
500386,9448
500409,9449
500582,9450
500595,9451
500633,9452
500695,9453
500891,9454
500934,9455
500986,9456
500990,9457
501053,9458
501093,9459
501146,9460
501150,9461
501201,9462
501245,9463
501254,9464
501277,9465
